frequency,date
608,1/1/13
612,2/1/13
614,3/1/13
615,4/1/13
616,5/1/13
628,6/1/13
653,7/1/13
699,8/1/13
727,9/1/13
754,10/1/13
762,11/1/13
792,12/1/13
792,13/1/13
792,14/1/13
792,15/1/13
796,16/1/13
800,17/1/13
805,18/1/13
1046,19/1/13
1200,20/1/13
1249,21/1/13
1298,22/1/13
1378,23/1/13
1414,24/1/13
1487,25/1/13
1545,26/1/13
1553,27/1/13
1558,28/1/13
1585,29/1/13
1588,30/1/13
1588,1/2/13
1593,2/2/13
1608,3/2/13
1608,4/2/13
1613,5/2/13
1623,6/2/13
1656,7/2/13
1674,8/2/13
1746,9/2/13
1810,10/2/13
1937,11/2/13
1993,12/2/13
2074,13/2/13
2114,14/2/13
2162,15/2/13
2197,16/2/13
2198,17/2/13
2219,18/2/13
2248,19/2/13
2328,20/2/13
2500,21/2/13
2611,22/2/13
2819,23/2/13
2912,24/2/13
2982,25/2/13
3033,26/2/13
3041,27/2/13
3059,28/2/13
3059,1/3/13
3059,2/3/13
3059,3/3/13
3059,4/3/13
3064,5/3/13
3066,6/3/13
3084,7/3/13
3089,8/3/13
3089,9/3/13
3090,10/3/13
3095,11/3/13
3097,12/3/13
3097,13/3/13
3097,14/3/13
3104,15/3/13
3104,16/3/13
3104,17/3/13
3106,18/3/13
3106,19/3/13
3106,20/3/13
3106,21/3/13
3114,22/3/13
3119,23/3/13
3119,24/3/13
3119,25/3/13
3119,26/3/13
3121,27/3/13
3156,28/3/13
3277,29/3/13
3285,30/3/13
3285,31/3/13
3286,1/4/13
3286,2/4/13
3286,3/4/13
3290,4/4/13
3304,5/4/13
3328,6/4/13
3418,7/4/13
3461,8/4/13
3557,9/4/13
3619,10/4/13
3675,11/4/13
3900,12/4/13
4046,13/4/13
4127,14/4/13
4213,15/4/13
4254,16/4/13
4270,17/4/13
4274,18/4/13
4410,19/4/13
4456,20/4/13
4524,21/4/13
4638,22/4/13
4835,23/4/13
4839,24/4/13
4840,25/4/13
4867,26/4/13
4877,27/4/13
4899,28/4/13
4919,29/4/13
4983,30/4/13
4996,1/5/13
5020,2/5/13
5045,3/5/13
5063,4/5/13
5396,5/5/13
5398,6/5/13
5431,7/5/13
5440,8/5/13
5497,9/5/13
5553,10/5/13
5661,11/5/13
5893,12/5/13
5984,13/5/13
6087,14/5/13
6089,15/5/13
6096,16/5/13
6096,17/5/13
6107,18/5/13
6108,19/5/13
6108,20/5/13
6112,21/5/13
6145,22/5/13
6160,23/5/13
6178,24/5/13
6188,25/5/13
6205,26/5/13
6229,27/5/13
6233,28/5/13
6233,29/5/13
6246,30/5/13
6284,31/5/13
6298,1/6/13
6305,2/6/13
6307,3/6/13
6307,4/6/13
6307,5/6/13
6307,6/6/13
6307,7/6/13
6308,8/6/13
6308,9/6/13
6308,10/6/13
6308,11/6/13
6310,12/6/13
6324,13/6/13
6327,14/6/13
6327,15/6/13
6327,16/6/13
6327,17/6/13
6327,18/6/13
6327,19/6/13
6329,20/6/13
6329,21/6/13
6337,22/6/13
6339,23/6/13
6342,24/6/13
6348,25/6/13
6350,26/6/13
6356,27/6/13
6357,28/6/13
6372,29/6/13
6376,30/6/13
6383,1/7/13
6385,2/7/13
6387,3/7/13
7,4/7/13
7,5/7/13
7,6/7/13
7,7/7/13
7,8/7/13
7,9/7/13
7,10/7/13
7,11/7/13
7,12/7/13
7,13/7/13
7,14/7/13
7,15/7/13
7,16/7/13
7,17/7/13
7,18/7/13
7,19/7/13
7,20/7/13
7,21/7/13
7,22/7/13
7,23/7/13
7,24/7/13
7,25/7/13
7,26/7/13
7,27/7/13
7,28/7/13
7,29/7/13
7,30/7/13
7,31/7/13
7,1/8/13
7,2/8/13
7,3/8/13
8,4/8/13
8,5/8/13
8,6/8/13
8,7/8/13
8,8/8/13
8,9/8/13
8,10/8/13
8,11/8/13
8,12/8/13
8,13/8/13
8,14/8/13
8,15/8/13
8,16/8/13
8,17/8/13
8,18/8/13
8,19/8/13
8,20/8/13
8,21/8/13
8,22/8/13
8,23/8/13
8,24/8/13
8,25/8/13
8,26/8/13
8,27/8/13
8,28/8/13
8,29/8/13
8,30/8/13
8,31/8/13
8,1/9/13
9,2/9/13
9,3/9/13
9,4/9/13
9,5/9/13
9,6/9/13
9,7/9/13
9,8/9/13
9,9/9/13
9,10/9/13
9,11/9/13
9,12/9/13
9,13/9/13
9,14/9/13
9,15/9/13
9,16/9/13
9,17/9/13
9,18/9/13
9,19/9/13
9,20/9/13
9,21/9/13
9,22/9/13
9,23/9/13
9,24/9/13
9,25/9/13
9,26/9/13
9,27/9/13
9,28/9/13
9,29/9/13
9,30/9/13
9,1/10/13
9,2/10/13
9,3/10/13
10,4/10/13
10,5/10/13
10,6/10/13
10,7/10/13
10,8/10/13
10,9/10/13
10,10/10/13
10,11/10/13
10,12/10/13
10,13/10/13
10,14/10/13
10,15/10/13
10,16/10/13
10,17/10/13
10,18/10/13
10,19/10/13
10,20/10/13
10,21/10/13
10,22/10/13
10,23/10/13
10,24/10/13
10,25/10/13
10,26/10/13
10,27/10/13
10,28/10/13
10,29/10/13
10,30/10/13
10,31/10/13
10,1/11/13
10,2/11/13
10,3/11/13
11,4/11/13
11,5/11/13
11,6/11/13
11,7/11/13
11,8/11/13
11,9/11/13
11,10/11/13
11,11/11/13
11,12/11/13
11,13/11/13
11,14/11/13
11,15/11/13
11,16/11/13
11,17/11/13
11,18/11/13
11,19/11/13
11,20/11/13
11,21/11/13
11,22/11/13
11,23/11/13
11,24/11/13
11,25/11/13
11,26/11/13
11,27/11/13
11,28/11/13
11,29/11/13
11,30/11/13
11,1/12/13
11,2/12/13
11,3/12/13
12,4/12/13
12,5/12/13
12,6/12/13
12,7/12/13
12,8/12/13
12,9/12/13
12,10/12/13
12,11/12/13
12,12/12/13
12,13/12/13
12,14/12/13
12,15/12/13
12,16/12/13
12,17/12/13
12,18/12/13
12,19/12/13
12,20/12/13
12,21/12/13
12,22/12/13
12,23/12/13
12,24/12/13
12,25/12/13
12,26/12/13
12,27/12/13
12,28/12/13
12,29/12/13
12,30/12/13
12,31/12/13
12,1/1/14
12,2/1/14
1,3/1/14
1,4/1/14
1,5/1/14
1,6/1/14
1,7/1/14
1,8/1/14
1,9/1/14
1,10/1/14
1,11/1/14
1,12/1/14
1,13/1/14
1,14/1/14
1,15/1/14
1,16/1/14
1,17/1/14
1,18/1/14
1,19/1/14
1,20/1/14
1,21/1/14
1,22/1/14
1,23/1/14
1,24/1/14
1,25/1/14
1,26/1/14
1,27/1/14
1,28/1/14
1,29/1/14
1,30/1/14
1,31/1/14
1,1/2/14
1,2/2/14
2,3/2/14
2,4/2/14
2,5/2/14
2,6/2/14
2,7/2/14
2,8/2/14
2,9/2/14
2,10/2/14
2,11/2/14
2,12/2/14
2,13/2/14
2,14/2/14
2,15/2/14
2,16/2/14
2,17/2/14
2,18/2/14
2,19/2/14
2,20/2/14
2,21/2/14
2,22/2/14
2,23/2/14
2,24/2/14
2,25/2/14
2,26/2/14
2,27/2/14
2,28/2/14
2,1/3/14
2,2/3/14
2,3/3/14
2,4/3/14
3,5/3/14
3,6/3/14
3,7/3/14
3,8/3/14
3,9/3/14
3,10/3/14
3,11/3/14
3,12/3/14
3,13/3/14
3,14/3/14
3,15/3/14
3,16/3/14
3,17/3/14
3,18/3/14
3,19/3/14
3,20/3/14
3,21/3/14
3,22/3/14
3,23/3/14
3,24/3/14
3,25/3/14
3,26/3/14
3,27/3/14
3,28/3/14
3,29/3/14
3,30/3/14
3,31/3/14
3,1/4/14
3,2/4/14
3,3/4/14
3,4/4/14
4,5/4/14
4,6/4/14
4,7/4/14
4,8/4/14
4,9/4/14
4,10/4/14
4,11/4/14
4,12/4/14
4,13/4/14
4,14/4/14
4,15/4/14
4,16/4/14
4,17/4/14
4,18/4/14
4,19/4/14
4,20/4/14
4,21/4/14
4,22/4/14
4,23/4/14
4,24/4/14
4,25/4/14
4,26/4/14
4,27/4/14
4,28/4/14
4,29/4/14
4,30/4/14
4,1/5/14
4,2/5/14
4,3/5/14
4,4/5/14
5,5/5/14
5,6/5/14
5,7/5/14
5,8/5/14
5,9/5/14
5,10/5/14
5,11/5/14
5,12/5/14
5,13/5/14
5,14/5/14
5,15/5/14
5,16/5/14
5,17/5/14
5,18/5/14
5,19/5/14
5,20/5/14
5,21/5/14
5,22/5/14
5,23/5/14
5,24/5/14
5,25/5/14
5,26/5/14
5,27/5/14
5,28/5/14
5,29/5/14
5,30/5/14
5,31/5/14
5,1/6/14
5,2/6/14
5,3/6/14
5,4/6/14
6,5/6/14
6,6/6/14
6,7/6/14
6,8/6/14
6,9/6/14
6,10/6/14
6,11/6/14
6,12/6/14
6,13/6/14
6,14/6/14
6,15/6/14
6,16/6/14
6,17/6/14
6,18/6/14
6,19/6/14
6,20/6/14
6,21/6/14
6,22/6/14
6,23/6/14
6,24/6/14
6,25/6/14
6,26/6/14
6,27/6/14
6,28/6/14
6,29/6/14
6,30/6/14
6,1/7/14
6,2/7/14
6,3/7/14
0,4/7/14
0,5/7/14
3,6/7/14
3,7/7/14
4,8/7/14
4,9/7/14
4,10/7/14
6,11/7/14
6,12/7/14
6,13/7/14
6,14/7/14
6,15/7/14
6,16/7/14
6,17/7/14
6,18/7/14
6,19/7/14
6,20/7/14
6,21/7/14
7,22/7/14
7,23/7/14
7,24/7/14
7,25/7/14
9,26/7/14
9,27/7/14
9,28/7/14
9,29/7/14
9,30/7/14
11,31/7/14
12,1/8/14
12,2/8/14
16,3/8/14
16,4/8/14
16,5/8/14
16,6/8/14
19,7/8/14
19,8/8/14
19,9/8/14
19,10/8/14
19,11/8/14
19,12/8/14
19,13/8/14
23,14/8/14
23,15/8/14
27,16/8/14
27,17/8/14
31,18/8/14
31,19/8/14
31,20/8/14
32,21/8/14
32,22/8/14
32,23/8/14
34,24/8/14
48,25/8/14
49,26/8/14
49,27/8/14
49,28/8/14
49,29/8/14
69,30/8/14
76,31/8/14
100,1/9/14
108,2/9/14
120,3/9/14
120,4/9/14
120,5/9/14
121,6/9/14
121,7/9/14
128,8/9/14
133,9/9/14
137,10/9/14
138,11/9/14
138,12/9/14
138,13/9/14
138,14/9/14
139,15/9/14
140,16/9/14
142,17/9/14
142,18/9/14
142,19/9/14
142,20/9/14
142,21/9/14
146,22/9/14
151,23/9/14
161,24/9/14
162,25/9/14
186,26/9/14
186,27/9/14
186,28/9/14
187,29/9/14
189,30/9/14
197,1/10/14
199,2/10/14
200,3/10/14
203,4/10/14
215,5/10/14
234,6/10/14
271,7/10/14
288,8/10/14
288,9/10/14
288,10/10/14
289,11/10/14
290,12/10/14
291,13/10/14
310,14/10/14
334,15/10/14
337,16/10/14
337,17/10/14
338,18/10/14
338,19/10/14
343,20/10/14
354,21/10/14
355,22/10/14
363,23/10/14
395,24/10/14
400,25/10/14
411,26/10/14
413,27/10/14
418,28/10/14
418,29/10/14
420,30/10/14
420,31/10/14
421,1/11/14
431,2/11/14
431,3/11/14
431,4/11/14
432,5/11/14
434,6/11/14
441,7/11/14
445,8/11/14
451,9/11/14
453,10/11/14
458,11/11/14
459,12/11/14
465,13/11/14
465,14/11/14
478,15/11/14
480,16/11/14
482,17/11/14
482,18/11/14
482,19/11/14
482,20/11/14
483,21/11/14
487,22/11/14
487,23/11/14
498,24/11/14
499,25/11/14
501,26/11/14
501,27/11/14
503,28/11/14
503,29/11/14
510,30/11/14
515,1/12/14
521,2/12/14
521,3/12/14
521,4/12/14
522,5/12/14
522,6/12/14
525,7/12/14
525,8/12/14
529,9/12/14
529,10/12/14
529,11/12/14
530,12/12/14
530,13/12/14
537,14/12/14
540,15/12/14
545,16/12/14
546,17/12/14
550,18/12/14
575,19/12/14
591,20/12/14
593,21/12/14
594,22/12/14
603,23/12/14
603,24/12/14
603,25/12/14
603,26/12/14
603,27/12/14
610,28/12/14
612,29/12/14
622,30/12/14
623,31/12/14
626,1/1/15
628,2/1/15
628,3/1/15
628,4/1/15
652,5/1/15
652,6/1/15
673,7/1/15
679,8/1/15
687,9/1/15
701,10/1/15
701,11/1/15
701,12/1/15
701,13/1/15
702,14/1/15
703,15/1/15
703,16/1/15
703,17/1/15
705,18/1/15
713,19/1/15
713,20/1/15
713,21/1/15
713,22/1/15
713,23/1/15
714,24/1/15
714,25/1/15
714,26/1/15
714,27/1/15
714,28/1/15
714,29/1/15
714,30/1/15
715,31/1/15
715,1/2/15
715,2/2/15
715,3/2/15
716,4/2/15
718,5/2/15
718,6/2/15
718,7/2/15
718,8/2/15
718,9/2/15
718,10/2/15
720,11/2/15
726,12/2/15
730,13/2/15
730,14/2/15
731,15/2/15
731,16/2/15
732,17/2/15
737,18/2/15
737,19/2/15
737,20/2/15
737,21/2/15
739,22/2/15
739,23/2/15
739,24/2/15
740,25/2/15
760,26/2/15
767,27/2/15
769,28/2/15
773,1/3/15
792,2/3/15
803,3/3/15
803,4/3/15
804,5/3/15
833,6/3/15
937,7/3/15
979,8/3/15
984,9/3/15
1004,10/3/15
1076,11/3/15
1150,12/3/15
1195,13/3/15
1324,14/3/15
1354,15/3/15
1412,16/3/15
1439,17/3/15
1469,18/3/15
1488,19/3/15
1488,20/3/15
1489,21/3/15
1490,22/3/15
1494,23/3/15
1598,24/3/15
1720,25/3/15
1729,26/3/15
1731,27/3/15
1763,28/3/15
1764,29/3/15
1766,30/3/15
1789,31/3/15
1876,1/4/15
2368,2/4/15
2715,3/4/15
2754,4/4/15
2773,5/4/15
2869,6/4/15
2912,7/4/15
2915,8/4/15
2917,9/4/15
2917,10/4/15
2921,11/4/15
2954,12/4/15
3105,13/4/15
3139,14/4/15
3181,15/4/15
3390,16/4/15
3406,17/4/15
3557,18/4/15
3602,19/4/15
3602,20/4/15
3604,21/4/15
3604,22/4/15
3647,23/4/15
3712,24/4/15
3896,25/4/15
3947,26/4/15
3950,27/4/15
3950,28/4/15
3950,29/4/15
3961,30/4/15
3980,1/5/15
4017,2/5/15
4123,3/5/15
4382,4/5/15
4400,5/5/15
4436,6/5/15
4485,7/5/15
4492,8/5/15
4500,9/5/15
4505,10/5/15
4509,11/5/15
4509,12/5/15
4509,13/5/15
4513,14/5/15
4515,15/5/15
4521,16/5/15
4524,17/5/15
4545,18/5/15
4560,19/5/15
4609,20/5/15
4637,21/5/15
4638,22/5/15
4641,23/5/15
4643,24/5/15
4654,25/5/15
4669,26/5/15
4678,27/5/15
4687,28/5/15
4708,29/5/15
4714,30/5/15
4719,31/5/15
4719,1/6/15
4719,2/6/15
4719,3/6/15
4720,4/6/15
4721,5/6/15
4723,6/6/15
4723,7/6/15
4727,8/6/15
4729,9/6/15
4732,10/6/15
4735,11/6/15
4736,12/6/15
4736,13/6/15
4744,14/6/15
4745,15/6/15
4750,16/6/15
4750,17/6/15
4750,18/6/15
4750,19/6/15
4750,20/6/15
4754,21/6/15
4754,22/6/15
4754,23/6/15
4754,24/6/15
4754,25/6/15
4757,26/6/15
4757,27/6/15
4759,28/6/15
4759,29/6/15
4759,30/6/15
4759,1/7/15
4759,2/7/15
4759,3/7/15
0,4/7/15
4,5/7/15
4,6/7/15
4,7/7/15
4,8/7/15
5,9/7/15
7,10/7/15
9,11/7/15
9,12/7/15
9,13/7/15
9,14/7/15
9,15/7/15
9,16/7/15
9,17/7/15
9,18/7/15
11,19/7/15
11,20/7/15
11,21/7/15
12,22/7/15
23,23/7/15
23,24/7/15
23,25/7/15
27,26/7/15
27,27/7/15
27,28/7/15
27,29/7/15
29,30/7/15
29,31/7/15
29,1/8/15
29,2/8/15
31,3/8/15
31,4/8/15
31,5/8/15
31,6/8/15
31,7/8/15
31,8/8/15
31,9/8/15
32,10/8/15
32,11/8/15
32,12/8/15
32,13/8/15
32,14/8/15
32,15/8/15
32,16/8/15
32,17/8/15
32,18/8/15
34,19/8/15
34,20/8/15
34,21/8/15
41,22/8/15
45,23/8/15
45,24/8/15
45,25/8/15
46,26/8/15
46,27/8/15
48,28/8/15
48,29/8/15
48,30/8/15
48,31/8/15
50,1/9/15
54,2/9/15
59,3/9/15
69,4/9/15
69,5/9/15
69,6/9/15
69,7/9/15
70,8/9/15
70,9/9/15
70,10/9/15
71,11/9/15
71,12/9/15
75,13/9/15
81,14/9/15
83,15/9/15
96,16/9/15
103,17/9/15
103,18/9/15
103,19/9/15
106,20/9/15
106,21/9/15
107,22/9/15
131,23/9/15
131,24/9/15
134,25/9/15
138,26/9/15
138,27/9/15
140,28/9/15
146,29/9/15
151,30/9/15
152,1/10/15
167,2/10/15
169,3/10/15
185,4/10/15
195,5/10/15
197,6/10/15
197,7/10/15
204,8/10/15
222,9/10/15
245,10/10/15
265,11/10/15
267,12/10/15
268,13/10/15
268,14/10/15
268,15/10/15
271,16/10/15
271,17/10/15
273,18/10/15
273,19/10/15
273,20/10/15
273,21/10/15
282,22/10/15
282,23/10/15
282,24/10/15
285,25/10/15
286,26/10/15
287,27/10/15
289,28/10/15
290,29/10/15
294,30/10/15
294,31/10/15
295,1/11/15
295,2/11/15
295,3/11/15
295,4/11/15
295,5/11/15
295,6/11/15
295,7/11/15
295,8/11/15
295,9/11/15
295,10/11/15
295,11/11/15
295,12/11/15
295,13/11/15
295,14/11/15
296,15/11/15
300,16/11/15
300,17/11/15
307,18/11/15
319,19/11/15
326,20/11/15
332,21/11/15
332,22/11/15
333,23/11/15
333,24/11/15
337,25/11/15
337,26/11/15
338,27/11/15
338,28/11/15
338,29/11/15
338,30/11/15
340,1/12/15
340,2/12/15
344,3/12/15
344,4/12/15
348,5/12/15
348,6/12/15
348,7/12/15
348,8/12/15
348,9/12/15
348,10/12/15
367,11/12/15
375,12/12/15
376,13/12/15
376,14/12/15
376,15/12/15
376,16/12/15
376,17/12/15
379,18/12/15
384,19/12/15
385,20/12/15
386,21/12/15
386,22/12/15
391,23/12/15
391,24/12/15
394,25/12/15
397,26/12/15
403,27/12/15
422,28/12/15
422,29/12/15
422,30/12/15
422,31/12/15
422,1/1/16
422,2/1/16
432,3/1/16
432,4/1/16
432,5/1/16
433,6/1/16
433,7/1/16
433,8/1/16
433,9/1/16
434,10/1/16
435,11/1/16
436,12/1/16
443,13/1/16
443,14/1/16
446,15/1/16
449,16/1/16
449,17/1/16
449,18/1/16
451,19/1/16
453,20/1/16
453,21/1/16
454,22/1/16
454,23/1/16
454,24/1/16
454,25/1/16
455,26/1/16
455,27/1/16
456,28/1/16
461,29/1/16
461,30/1/16
461,31/1/16
461,1/2/16
461,2/2/16
461,3/2/16
461,4/2/16
466,5/2/16
466,6/2/16
466,7/2/16
466,8/2/16
466,9/2/16
466,10/2/16
468,11/2/16
472,12/2/16
472,13/2/16
476,14/2/16
476,15/2/16
481,16/2/16
481,17/2/16
481,18/2/16
481,19/2/16
482,20/2/16
482,21/2/16
482,22/2/16
482,23/2/16
482,24/2/16
482,25/2/16
482,26/2/16
482,27/2/16
482,28/2/16
482,29/2/16
482,1/3/16
482,2/3/16
482,3/3/16
482,4/3/16
482,5/3/16
483,6/3/16
483,7/3/16
483,8/3/16
483,9/3/16
483,10/3/16
483,11/3/16
483,12/3/16
483,13/3/16
483,14/3/16
483,15/3/16
485,16/3/16
485,17/3/16
488,18/3/16
511,19/3/16
513,20/3/16
513,21/3/16
513,22/3/16
513,23/3/16
541,24/3/16
655,25/3/16
658,26/3/16
658,27/3/16
685,28/3/16
690,29/3/16
704,30/3/16
704,31/3/16
732,1/4/16
766,2/4/16
820,3/4/16
863,4/4/16
881,5/4/16
1008,6/4/16
1249,7/4/16
1362,8/4/16
1366,9/4/16
1371,10/4/16
1415,11/4/16
1482,12/4/16
1545,13/4/16
1599,14/4/16
1730,15/4/16
1779,16/4/16
1869,17/4/16
1998,18/4/16
2017,19/4/16
2048,20/4/16
2074,21/4/16
2195,22/4/16
2234,23/4/16
2246,24/4/16
2270,25/4/16
2284,26/4/16
2342,27/4/16
2408,28/4/16
2506,29/4/16
2513,30/4/16
2537,1/5/16
2538,2/5/16
2564,3/5/16
2567,4/5/16
2577,5/5/16
2594,6/5/16
2610,7/5/16
2680,8/5/16
2804,9/5/16
2867,10/5/16
2867,11/5/16
2867,12/5/16
2873,13/5/16
2874,14/5/16
2878,15/5/16
2879,16/5/16
2919,17/5/16
2937,18/5/16
2962,19/5/16
2976,20/5/16
2983,21/5/16
2984,22/5/16
2987,23/5/16
3000,24/5/16
3002,25/5/16
3005,26/5/16
3012,27/5/16
3012,28/5/16
3016,29/5/16
3016,30/5/16
3017,31/5/16
3019,1/6/16
3047,2/6/16
3065,3/6/16
3078,4/6/16
3097,5/6/16
3097,6/6/16
3099,7/6/16
3099,8/6/16
3099,9/6/16
3099,10/6/16
3099,11/6/16
3099,12/6/16
3099,13/6/16
3099,14/6/16
3099,15/6/16
3104,16/6/16
3104,17/6/16
3114,18/6/16
3114,19/6/16
3114,20/6/16
3114,21/6/16
3114,22/6/16
3114,23/6/16
3114,24/6/16
3115,25/6/16
3115,26/6/16
3115,27/6/16
3118,28/6/16
3118,29/6/16
3121,30/6/16
3125,1/7/16
3131,2/7/16
0,3/7/16
0,4/7/16
0,5/7/16
1,6/7/16
1,7/7/16
1,8/7/16
5,9/7/16
5,10/7/16
5,11/7/16
5,12/7/16
5,13/7/16
5,14/7/16
5,15/7/16
7,16/7/16
7,17/7/16
8,18/7/16
8,19/7/16
8,20/7/16
8,21/7/16
8,22/7/16
9,23/7/16
10,24/7/16
10,25/7/16
10,26/7/16
10,27/7/16
13,28/7/16
13,29/7/16
13,30/7/16
13,31/7/16
14,1/8/16
14,2/8/16
18,3/8/16
18,4/8/16
18,5/8/16
18,6/8/16
20,7/8/16
21,8/8/16
21,9/8/16
21,10/8/16
21,11/8/16
21,12/8/16
21,13/8/16
21,14/8/16
21,15/8/16
22,16/8/16
24,17/8/16
33,18/8/16
42,19/8/16
47,20/8/16
56,21/8/16
56,22/8/16
56,23/8/16
56,24/8/16
56,25/8/16
56,26/8/16
56,27/8/16
59,28/8/16
60,29/8/16
60,30/8/16
60,31/8/16
62,1/9/16
62,2/9/16
62,3/9/16
62,4/9/16
62,5/9/16
62,6/9/16
62,7/9/16
63,8/9/16
68,9/9/16
70,10/9/16
72,11/9/16
72,12/9/16
72,13/9/16
72,14/9/16
72,15/9/16
72,16/9/16
72,17/9/16
72,18/9/16
72,19/9/16
72,20/9/16
72,21/9/16
72,22/9/16
72,23/9/16
72,24/9/16
72,25/9/16
73,26/9/16
73,27/9/16
73,28/9/16
73,29/9/16
75,30/9/16
75,1/10/16
75,2/10/16
75,3/10/16
75,4/10/16
75,5/10/16
75,6/10/16
75,7/10/16
75,8/10/16
78,9/10/16
78,10/10/16
82,11/10/16
82,12/10/16
84,13/10/16
84,14/10/16
84,15/10/16
87,16/10/16
89,17/10/16
92,18/10/16
92,19/10/16
94,20/10/16
94,21/10/16
94,22/10/16
95,23/10/16
95,24/10/16
95,25/10/16
95,26/10/16
99,27/10/16
99,28/10/16
100,29/10/16
104,30/10/16
105,31/10/16
109,1/11/16
110,2/11/16
112,3/11/16
112,4/11/16
115,5/11/16
122,6/11/16
132,7/11/16
133,8/11/16
136,9/11/16
136,10/11/16
140,11/11/16
142,12/11/16
142,13/11/16
149,14/11/16
149,15/11/16
149,16/11/16
149,17/11/16
151,18/11/16
157,19/11/16
159,20/11/16
160,21/11/16
164,22/11/16
166,23/11/16
166,24/11/16
169,25/11/16
170,26/11/16
180,27/11/16
180,28/11/16
180,29/11/16
188,30/11/16
195,1/12/16
197,2/12/16
197,3/12/16
199,4/12/16
204,5/12/16
211,6/12/16
212,7/12/16
212,8/12/16
213,9/12/16
216,10/12/16
216,11/12/16
217,12/12/16
217,13/12/16
218,14/12/16
218,15/12/16
218,16/12/16
218,17/12/16
218,18/12/16
220,19/12/16
223,20/12/16
223,21/12/16
223,22/12/16
226,23/12/16
226,24/12/16
226,25/12/16
226,26/12/16
229,27/12/16
232,28/12/16
232,29/12/16
232,30/12/16
232,31/12/16
232,1/1/17
232,2/1/17
232,3/1/17
232,4/1/17
232,5/1/17
233,6/1/17
233,7/1/17
234,8/1/17
234,9/1/17
237,10/1/17
237,11/1/17
237,12/1/17
240,13/1/17
242,14/1/17
254,15/1/17
254,16/1/17
254,17/1/17
254,18/1/17
254,19/1/17
260,20/1/17
263,21/1/17
273,22/1/17
273,23/1/17
273,24/1/17
273,25/1/17
273,26/1/17
274,27/1/17
278,28/1/17
278,29/1/17
279,30/1/17
282,31/1/17
282,1/2/17
282,2/2/17
282,3/2/17
282,4/2/17
282,5/2/17
284,6/2/17
290,7/2/17
290,8/2/17
290,9/2/17
290,10/2/17
292,11/2/17
292,12/2/17
292,13/2/17
292,14/2/17
292,15/2/17
292,16/2/17
292,17/2/17
292,18/2/17
292,19/2/17
299,20/2/17
300,21/2/17
300,22/2/17
300,23/2/17
300,24/2/17
303,25/2/17
303,26/2/17
303,27/2/17
304,28/2/17
307,1/3/17
310,2/3/17
311,3/3/17
312,4/3/17
314,5/3/17
314,6/3/17
315,7/3/17
315,8/3/17
317,9/3/17
319,10/3/17
323,11/3/17
327,12/3/17
338,13/3/17
338,14/3/17
345,15/3/17
354,16/3/17
379,17/3/17
395,18/3/17
395,19/3/17
413,20/3/17
424,21/3/17
454,22/3/17
456,23/3/17
456,24/3/17
456,25/3/17
456,26/3/17
459,27/3/17
480,28/3/17
498,29/3/17
498,30/3/17
583,31/3/17
591,1/4/17
591,2/4/17
631,3/4/17
643,4/4/17
653,5/4/17
777,6/4/17
910,7/4/17
1043,8/4/17
1230,9/4/17
1323,10/4/17
1369,11/4/17
1371,12/4/17
1371,13/4/17
1402,14/4/17
1536,15/4/17
2032,16/4/17
2078,17/4/17
2180,18/4/17
2220,19/4/17
2278,20/4/17
2795,21/4/17
2898,22/4/17
2985,23/4/17
2985,24/4/17
2990,25/4/17
3027,26/4/17
3044,27/4/17
3052,28/4/17
3054,29/4/17
3055,30/4/17
3057,1/5/17
3063,2/5/17
3066,3/5/17
3089,4/5/17
3113,5/5/17
3238,6/5/17
3543,7/5/17
3612,8/5/17
3663,9/5/17
3679,10/5/17
3737,11/5/17
3801,12/5/17
4025,13/5/17
4072,14/5/17
4102,15/5/17
4241,16/5/17
4272,17/5/17
4479,18/5/17
4492,19/5/17
4498,20/5/17
4512,21/5/17
4512,22/5/17
4514,23/5/17
4514,24/5/17
4579,25/5/17
4583,26/5/17
4589,27/5/17
4591,28/5/17
4604,29/5/17
4605,30/5/17
4605,31/5/17
4607,1/6/17
4607,2/6/17
4608,3/6/17
4613,4/6/17
4647,5/6/17
4659,6/6/17
4687,7/6/17
4693,8/6/17
4693,9/6/17
4720,10/6/17
4720,11/6/17
4728,12/6/17
4730,13/6/17
4734,14/6/17
4734,15/6/17
4744,16/6/17
4754,17/6/17
4759,18/6/17
4764,19/6/17
4764,20/6/17
4776,21/6/17
4778,22/6/17
4790,23/6/17
4793,24/6/17
4797,25/6/17
4800,26/6/17
4800,27/6/17
4802,28/6/17
4802,29/6/17
4802,30/6/17
4803,1/7/17
4803,2/7/17
2,3/7/17
12,4/7/17
12,5/7/17
13,6/7/17
13,7/7/17
18,8/7/17
18,9/7/17
18,10/7/17
18,11/7/17
18,12/7/17
19,13/7/17
20,14/7/17
21,15/7/17
23,16/7/17
23,17/7/17
23,18/7/17
23,19/7/17
23,20/7/17
23,21/7/17
24,22/7/17
25,23/7/17
25,24/7/17
25,25/7/17
25,26/7/17
27,27/7/17
27,28/7/17
27,29/7/17
27,30/7/17
29,31/7/17
29,1/8/17
31,2/8/17
39,3/8/17
47,4/8/17
47,5/8/17
47,6/8/17
49,7/8/17
49,8/8/17
49,9/8/17
49,10/8/17
49,11/8/17
51,12/8/17
51,13/8/17
51,14/8/17
63,15/8/17
77,16/8/17
77,17/8/17
77,18/8/17
77,19/8/17
77,20/8/17
78,21/8/17
78,22/8/17
78,23/8/17
78,24/8/17
79,25/8/17
79,26/8/17
79,27/8/17
79,28/8/17
79,29/8/17
79,30/8/17
79,31/8/17
79,1/9/17
80,2/9/17
81,3/9/17
81,4/9/17
81,5/9/17
82,6/9/17
82,7/9/17
82,8/9/17
82,9/9/17
85,10/9/17
85,11/9/17
90,12/9/17
90,13/9/17
91,14/9/17
91,15/9/17
91,16/9/17
91,17/9/17
91,18/9/17
91,19/9/17
92,20/9/17
92,21/9/17
104,22/9/17
104,23/9/17
109,24/9/17
145,25/9/17
182,26/9/17
183,27/9/17
185,28/9/17
195,29/9/17
195,30/9/17
200,1/10/17
200,2/10/17
211,3/10/17
222,4/10/17
244,5/10/17
251,6/10/17
251,7/10/17
254,8/10/17
255,9/10/17
256,10/10/17
259,11/10/17
263,12/10/17
263,13/10/17
263,14/10/17
263,15/10/17
263,16/10/17
271,17/10/17
273,18/10/17
285,19/10/17
292,20/10/17
292,21/10/17
296,22/10/17
296,23/10/17
296,24/10/17
297,25/10/17
297,26/10/17
297,27/10/17
301,28/10/17
313,29/10/17
314,30/10/17
317,31/10/17
317,1/11/17
317,2/11/17
317,3/11/17
317,4/11/17
319,5/11/17
321,6/11/17
326,7/11/17
326,8/11/17
326,9/11/17
328,10/11/17
344,11/11/17
344,12/11/17
355,13/11/17
369,14/11/17
378,15/11/17
384,16/11/17
384,17/11/17
384,18/11/17
384,19/11/17
384,20/11/17
386,21/11/17
386,22/11/17
387,23/11/17
389,24/11/17
395,25/11/17
395,26/11/17
396,27/11/17
396,28/11/17
402,29/11/17
410,30/11/17
420,1/12/17
460,2/12/17
460,3/12/17
460,4/12/17
460,5/12/17
460,6/12/17
460,7/12/17
460,8/12/17
461,9/12/17
467,10/12/17
477,11/12/17
479,12/12/17
481,13/12/17
484,14/12/17
485,15/12/17
486,16/12/17
495,17/12/17
513,18/12/17
514,19/12/17
514,20/12/17
514,21/12/17
515,22/12/17
521,23/12/17
521,24/12/17
524,25/12/17
525,26/12/17
526,27/12/17
526,28/12/17
530,29/12/17
530,30/12/17
530,31/12/17
531,1/1/18
532,2/1/18
534,3/1/18
534,4/1/18
535,5/1/18
537,6/1/18
540,7/1/18
550,8/1/18
550,9/1/18
550,10/1/18
564,11/1/18
564,12/1/18
564,13/1/18
564,14/1/18
564,15/1/18
569,16/1/18
571,17/1/18
573,18/1/18
574,19/1/18
579,20/1/18
605,21/1/18
615,22/1/18
615,23/1/18
624,24/1/18
625,25/1/18
625,26/1/18
625,27/1/18
625,28/1/18
625,29/1/18
628,30/1/18
628,31/1/18
628,1/2/18
629,2/2/18
629,3/2/18
631,4/2/18
632,5/2/18
633,6/2/18
633,7/2/18
633,8/2/18
636,9/2/18
636,10/2/18
636,11/2/18
636,12/2/18
637,13/2/18
637,14/2/18
637,15/2/18
639,16/2/18
639,17/2/18
640,18/2/18
640,19/2/18
640,20/2/18
640,21/2/18
640,22/2/18
640,23/2/18
640,24/2/18
640,25/2/18
640,26/2/18
642,27/2/18
642,28/2/18
643,1/3/18
655,2/3/18
662,3/3/18
665,4/3/18
677,5/3/18
683,6/3/18
689,7/3/18
696,8/3/18
703,9/3/18
720,10/3/18
750,11/3/18
781,12/3/18
812,13/3/18
828,14/3/18
840,15/3/18
861,16/3/18
876,17/3/18
876,18/3/18
886,19/3/18
892,20/3/18
902,21/3/18
906,22/3/18
925,23/3/18
951,24/3/18
962,25/3/18
963,26/3/18
968,27/3/18
968,28/3/18
975,29/3/18
1024,30/3/18
1128,31/3/18
1169,1/4/18
1170,2/4/18
1170,3/4/18
1185,4/4/18
1333,5/4/18
1496,6/4/18
1692,7/4/18
1740,8/4/18
1878,9/4/18
1887,10/4/18
2022,11/4/18
2026,12/4/18
2072,13/4/18
2096,14/4/18
2122,15/4/18
2124,16/4/18
2124,17/4/18
2126,18/4/18
2221,19/4/18
2467,20/4/18
2774,21/4/18
2986,22/4/18
3051,23/4/18
3104,24/4/18
3331,25/4/18
3337,26/4/18
3382,27/4/18
3411,28/4/18
3547,29/4/18
3612,30/4/18
3667,1/5/18
3874,2/5/18
4028,3/5/18
4124,4/5/18
4132,5/5/18
4136,6/5/18
4139,7/5/18
4164,8/5/18
4172,9/5/18
4453,10/5/18
4530,11/5/18
4531,12/5/18
4531,13/5/18
4531,14/5/18
4531,15/5/18
4568,16/5/18
4573,17/5/18
4625,18/5/18
4631,19/5/18
4648,20/5/18
4651,21/5/18
4651,22/5/18
4653,23/5/18
4656,24/5/18
4671,25/5/18
4695,26/5/18
4817,27/5/18
4838,28/5/18
4850,29/5/18
4864,30/5/18
4875,31/5/18
4878,1/6/18
4888,2/6/18
4918,3/6/18
4926,4/6/18
4939,5/6/18
4946,6/6/18
4972,7/6/18
4995,8/6/18
4996,9/6/18
4996,10/6/18
4997,11/6/18
4999,12/6/18
4999,13/6/18
5002,14/6/18
5002,15/6/18
5003,16/6/18
5003,17/6/18
5003,18/6/18
5003,19/6/18
5003,20/6/18
5005,21/6/18
5006,22/6/18
5010,23/6/18
5024,24/6/18
5024,25/6/18
5024,26/6/18
5026,27/6/18
5034,28/6/18
5034,29/6/18
5039,30/6/18
5040,1/7/18
5040,2/7/18
0,3/7/18
5,4/7/18
6,5/7/18
6,6/7/18
12,7/7/18
12,8/7/18
12,9/7/18
12,10/7/18
15,11/7/18
18,12/7/18
28,13/7/18
32,14/7/18
32,15/7/18
34,16/7/18
34,17/7/18
34,18/7/18
36,19/7/18
38,20/7/18
41,21/7/18
41,22/7/18
42,23/7/18
44,24/7/18
44,25/7/18
44,26/7/18
44,27/7/18
50,28/7/18
52,29/7/18
52,30/7/18
52,31/7/18
52,1/8/18
58,2/8/18
64,3/8/18
67,4/8/18
68,5/8/18
68,6/8/18
70,7/8/18
72,8/8/18
73,9/8/18
73,10/8/18
74,11/8/18
78,12/8/18
78,13/8/18
78,14/8/18
79,15/8/18
80,16/8/18
81,17/8/18
85,18/8/18
85,19/8/18
85,20/8/18
85,21/8/18
85,22/8/18
85,23/8/18
92,24/8/18
97,25/8/18
102,26/8/18
106,27/8/18
106,28/8/18
111,29/8/18
112,30/8/18
127,31/8/18
127,1/9/18
128,2/9/18
128,3/9/18
129,4/9/18
141,5/9/18
146,6/9/18
149,7/9/18
149,8/9/18
154,9/9/18
155,10/9/18
155,11/9/18
163,12/9/18
168,13/9/18
169,14/9/18
169,15/9/18
184,16/9/18
195,17/9/18
198,18/9/18
198,19/9/18
199,20/9/18
200,21/9/18
200,22/9/18
206,23/9/18
209,24/9/18
209,25/9/18
216,26/9/18
222,27/9/18
226,28/9/18
230,29/9/18
230,30/9/18
230,1/10/18
234,2/10/18
234,3/10/18
234,4/10/18
234,5/10/18
234,6/10/18
242,7/10/18
244,8/10/18
245,9/10/18
245,10/10/18
246,11/10/18
246,12/10/18
257,13/10/18
270,14/10/18
275,15/10/18
275,16/10/18
275,17/10/18
275,18/10/18
275,19/10/18
276,20/10/18
280,21/10/18
280,22/10/18
286,23/10/18
286,24/10/18
286,25/10/18
289,26/10/18
300,27/10/18
302,28/10/18
304,29/10/18
306,30/10/18
313,31/10/18
320,1/11/18
321,2/11/18
322,3/11/18
329,4/11/18
332,5/11/18
333,6/11/18
333,7/11/18
333,8/11/18
333,9/11/18
335,10/11/18
335,11/11/18
335,12/11/18
335,13/11/18
335,14/11/18
335,15/11/18
335,16/11/18
337,17/11/18
337,18/11/18
339,19/11/18
341,20/11/18
341,21/11/18
341,22/11/18
342,23/11/18
343,24/11/18
343,25/11/18
343,26/11/18
343,27/11/18
343,28/11/18
343,29/11/18
343,30/11/18
343,1/12/18
346,2/12/18
353,3/12/18
353,4/12/18
353,5/12/18
353,6/12/18
354,7/12/18
359,8/12/18
359,9/12/18
359,10/12/18
359,11/12/18
360,12/12/18
360,13/12/18
360,14/12/18
360,15/12/18
360,16/12/18
360,17/12/18
360,18/12/18
361,19/12/18
361,20/12/18
361,21/12/18
361,22/12/18
361,23/12/18
361,24/12/18
365,25/12/18
372,26/12/18
374,27/12/18
381,28/12/18
381,29/12/18
385,30/12/18
385,31/12/18
388,1/1/19
392,2/1/19
394,3/1/19
394,4/1/19
394,5/1/19
462,6/1/19
471,7/1/19
502,8/1/19
512,9/1/19
522,10/1/19
523,11/1/19
524,12/1/19
529,13/1/19
529,14/1/19
529,15/1/19
531,16/1/19
533,17/1/19
533,18/1/19
533,19/1/19
533,20/1/19
537,21/1/19
545,22/1/19
549,23/1/19
559,24/1/19
566,25/1/19
580,26/1/19
649,27/1/19
671,28/1/19
671,29/1/19
693,30/1/19
716,31/1/19
731,1/2/19
737,2/2/19
790,3/2/19
868,4/2/19
963,5/2/19
963,6/2/19
963,7/2/19
963,8/2/19
963,9/2/19
963,10/2/19
966,11/2/19
967,12/2/19
967,13/2/19
967,14/2/19
967,15/2/19
968,16/2/19
975,17/2/19
996,18/2/19
996,19/2/19
996,20/2/19
996,21/2/19
996,22/2/19
1010,23/2/19
1024,24/2/19
1031,25/2/19
1039,26/2/19
1045,27/2/19
1045,28/2/19
1047,1/3/19
1051,2/3/19
1122,3/3/19
1488,4/3/19
1709,5/3/19
1978,6/3/19
2126,7/3/19
2148,8/3/19
2197,9/3/19
2201,10/3/19
2282,11/3/19
2321,12/3/19
2359,13/3/19
2374,14/3/19
2394,15/3/19
2410,16/3/19
2511,17/3/19
2588,18/3/19
2638,19/3/19
2646,20/3/19
2659,21/3/19
2691,22/3/19
2700,23/3/19
2712,24/3/19
2713,25/3/19
2713,26/3/19
2715,27/3/19
2715,28/3/19
2763,29/3/19
2778,30/3/19
2789,31/3/19
2790,1/4/19
2790,2/4/19
2820,3/4/19
2858,4/4/19
2858,5/4/19
2865,6/4/19
2868,7/4/19
2877,8/4/19
2924,9/4/19
2947,10/4/19
2950,11/4/19
2985,12/4/19
3032,13/4/19
3259,14/4/19
3263,15/4/19
3307,16/4/19
3333,17/4/19
3382,18/4/19
3406,19/4/19
3427,20/4/19
3504,21/4/19
3546,22/4/19
3550,23/4/19
3581,24/4/19
3639,25/4/19
3734,26/4/19
3762,27/4/19
3773,28/4/19
3788,29/4/19
3800,30/4/19
3932,1/5/19
3973,2/5/19
3996,3/5/19
4000,4/5/19
4010,5/5/19
4020,6/5/19
4029,7/5/19
4114,8/5/19
4246,9/5/19
4250,10/5/19
4251,11/5/19
4251,12/5/19
4251,13/5/19
4252,14/5/19
4272,15/5/19
4309,16/5/19
4311,17/5/19
4395,18/5/19
4539,19/5/19
4608,20/5/19
4671,21/5/19
4672,22/5/19
4687,23/5/19
4726,24/5/19
4847,25/5/19
4858,26/5/19
4863,27/5/19
4864,28/5/19
4867,29/5/19
4869,30/5/19
4870,31/5/19
4873,1/6/19
4874,2/6/19
4881,3/6/19
4881,4/6/19
4882,5/6/19
4882,6/6/19
4886,7/6/19
4887,8/6/19
4894,9/6/19
4906,10/6/19
4909,11/6/19
4911,12/6/19
4927,13/6/19
4927,14/6/19
4933,15/6/19
4934,16/6/19
4944,17/6/19
4944,18/6/19
4955,19/6/19
4956,20/6/19
4956,21/6/19
4965,22/6/19
4966,23/6/19
4967,24/6/19
4967,25/6/19
4980,26/6/19
5001,27/6/19
5009,28/6/19
5016,29/6/19
5018,30/6/19
5018,1/7/19
5018,2/7/19
2,3/7/19
3,4/7/19
6,5/7/19
21,6/7/19
27,7/7/19
28,8/7/19
28,9/7/19
28,10/7/19
28,11/7/19
28,12/7/19
28,13/7/19
28,14/7/19
28,15/7/19
28,16/7/19
29,17/7/19
29,18/7/19
29,19/7/19
29,20/7/19
29,21/7/19
29,22/7/19
29,23/7/19
34,24/7/19
34,25/7/19
34,26/7/19
49,27/7/19
49,28/7/19
50,29/7/19
50,30/7/19
57,31/7/19
57,1/8/19
58,2/8/19
58,3/8/19
58,4/8/19
58,5/8/19
58,6/8/19
58,7/8/19
59,8/8/19
59,9/8/19
59,10/8/19
59,11/8/19
59,12/8/19
59,13/8/19
59,14/8/19
59,15/8/19
59,16/8/19
59,17/8/19
59,18/8/19
61,19/8/19
61,20/8/19
64,21/8/19
64,22/8/19
66,23/8/19
66,24/8/19
69,25/8/19
71,26/8/19
71,27/8/19
71,28/8/19
75,29/8/19
75,30/8/19
78,31/8/19
79,1/9/19
83,2/9/19
92,3/9/19
101,4/9/19
115,5/9/19
117,6/9/19
119,7/9/19
119,8/9/19
119,9/9/19
119,10/9/19
119,11/9/19
120,12/9/19
126,13/9/19
129,14/9/19
130,15/9/19
133,16/9/19
133,17/9/19
133,18/9/19
139,19/9/19
141,20/9/19
151,21/9/19
151,22/9/19
151,23/9/19
153,24/9/19
153,25/9/19
153,26/9/19
153,27/9/19
161,28/9/19
161,29/9/19
161,30/9/19
161,1/10/19
163,2/10/19
183,3/10/19
188,4/10/19
207,5/10/19
207,6/10/19
209,7/10/19
209,8/10/19
209,9/10/19
209,10/10/19
209,11/10/19
213,12/10/19
213,13/10/19
215,14/10/19
215,15/10/19
220,16/10/19
228,17/10/19
228,18/10/19
228,19/10/19
228,20/10/19
228,21/10/19
229,22/10/19
247,23/10/19
253,24/10/19
260,25/10/19
263,26/10/19
263,27/10/19
263,28/10/19
265,29/10/19
267,30/10/19
268,31/10/19
271,1/11/19
271,2/11/19
271,3/11/19
271,4/11/19
271,5/11/19
271,6/11/19
271,7/11/19
271,8/11/19
271,9/11/19
274,10/11/19
274,11/11/19
275,12/11/19
276,13/11/19
276,14/11/19
276,15/11/19
276,16/11/19
278,17/11/19
279,18/11/19
283,19/11/19
297,20/11/19
300,21/11/19
300,22/11/19
310,23/11/19
392,24/11/19
445,25/11/19
552,26/11/19
692,27/11/19
692,28/11/19
707,29/11/19
730,30/11/19
826,1/12/19
832,2/12/19
832,3/12/19
834,4/12/19
835,5/12/19
839,6/12/19
851,7/12/19
883,8/12/19
917,9/12/19
983,10/12/19
1159,11/12/19
1223,12/12/19
1224,13/12/19
1232,14/12/19
1239,15/12/19
1263,16/12/19
1267,17/12/19
1311,18/12/19
1412,19/12/19
1483,20/12/19
1589,21/12/19
2035,22/12/19
2249,23/12/19
2480,24/12/19
2506,25/12/19
2590,26/12/19
2766,27/12/19
2986,28/12/19
3113,29/12/19
3118,30/12/19
3496,31/12/19
