City1,City2,Passenger_Load_Factor,Year,Month_num,Dep_Long,Dep_Lat
ALBURY,SYDNEY,68.3,2019,1,146.923935,-36.07494000000001
ALBURY,SYDNEY,63.4,2019,2,146.923935,-36.07494000000001
ALBURY,SYDNEY,66.6,2019,3,146.923935,-36.07494000000001
ALBURY,SYDNEY,69.9,2019,4,146.923935,-36.07494000000001
ALBURY,SYDNEY,67.7,2019,5,146.923935,-36.07494000000001
ALBURY,SYDNEY,69.1,2019,6,146.923935,-36.07494000000001
ALBURY,SYDNEY,71.1,2019,7,146.923935,-36.07494000000001
ALBURY,SYDNEY,75.0,2019,8,146.923935,-36.07494000000001
ALBURY,SYDNEY,72.7,2019,9,146.923935,-36.07494000000001
ALBURY,SYDNEY,74.0,2019,10,146.923935,-36.07494000000001
ALBURY,SYDNEY,73.3,2019,11,146.923935,-36.07494000000001
ALBURY,SYDNEY,70.9,2019,12,146.923935,-36.07494000000001
ADELAIDE,ALICE SPRINGS,66.6,2019,1,138.598633,-34.928661
ADELAIDE,ALICE SPRINGS,66.1,2019,2,138.598633,-34.928661
ADELAIDE,ALICE SPRINGS,67.9,2019,3,138.598633,-34.928661
ADELAIDE,ALICE SPRINGS,78.1,2019,4,138.598633,-34.928661
ADELAIDE,ALICE SPRINGS,73.4,2019,5,138.598633,-34.928661
ADELAIDE,ALICE SPRINGS,79.6,2019,6,138.598633,-34.928661
ADELAIDE,ALICE SPRINGS,82.0,2019,7,138.598633,-34.928661
ADELAIDE,ALICE SPRINGS,75.4,2019,8,138.598633,-34.928661
ADELAIDE,ALICE SPRINGS,77.5,2019,9,138.598633,-34.928661
ADELAIDE,ALICE SPRINGS,78.9,2019,10,138.598633,-34.928661
ADELAIDE,ALICE SPRINGS,76.9,2019,11,138.598633,-34.928661
ADELAIDE,ALICE SPRINGS,64.5,2019,12,138.598633,-34.928661
ADELAIDE,BRISBANE,75.3,2019,1,138.598633,-34.928661
ADELAIDE,BRISBANE,72.5,2019,2,138.598633,-34.928661
ADELAIDE,BRISBANE,78.1,2019,3,138.598633,-34.928661
ADELAIDE,BRISBANE,80.4,2019,4,138.598633,-34.928661
ADELAIDE,BRISBANE,73.8,2019,5,138.598633,-34.928661
ADELAIDE,BRISBANE,72.0,2019,6,138.598633,-34.928661
ADELAIDE,BRISBANE,82.6,2019,7,138.598633,-34.928661
ADELAIDE,BRISBANE,79.2,2019,8,138.598633,-34.928661
ADELAIDE,BRISBANE,80.1,2019,9,138.598633,-34.928661
ADELAIDE,BRISBANE,86.2,2019,10,138.598633,-34.928661
ADELAIDE,BRISBANE,81.5,2019,11,138.598633,-34.928661
ADELAIDE,BRISBANE,80.6,2019,12,138.598633,-34.928661
ADELAIDE,CANBERRA,58.6,2019,1,138.598633,-34.928661
ADELAIDE,CANBERRA,62.8,2019,2,138.598633,-34.928661
ADELAIDE,CANBERRA,72.1,2019,3,138.598633,-34.928661
ADELAIDE,CANBERRA,66.8,2019,4,138.598633,-34.928661
ADELAIDE,CANBERRA,60.8,2019,5,138.598633,-34.928661
ADELAIDE,CANBERRA,64.4,2019,6,138.598633,-34.928661
ADELAIDE,CANBERRA,62.4,2019,7,138.598633,-34.928661
ADELAIDE,CANBERRA,64.0,2019,8,138.598633,-34.928661
ADELAIDE,CANBERRA,66.9,2019,9,138.598633,-34.928661
ADELAIDE,CANBERRA,70.1,2019,10,138.598633,-34.928661
ADELAIDE,CANBERRA,75.5,2019,11,138.598633,-34.928661
ADELAIDE,CANBERRA,72.7,2019,12,138.598633,-34.928661
ADELAIDE,MELBOURNE,77.7,2019,1,138.598633,-34.928661
ADELAIDE,MELBOURNE,80.6,2019,2,138.598633,-34.928661
ADELAIDE,MELBOURNE,82.1,2019,3,138.598633,-34.928661
ADELAIDE,MELBOURNE,81.7,2019,4,138.598633,-34.928661
ADELAIDE,MELBOURNE,76.3,2019,5,138.598633,-34.928661
ADELAIDE,MELBOURNE,76.1,2019,6,138.598633,-34.928661
ADELAIDE,MELBOURNE,82.8,2019,7,138.598633,-34.928661
ADELAIDE,MELBOURNE,82.2,2019,8,138.598633,-34.928661
ADELAIDE,MELBOURNE,81.0,2019,9,138.598633,-34.928661
ADELAIDE,MELBOURNE,85.8,2019,10,138.598633,-34.928661
ADELAIDE,MELBOURNE,85.8,2019,11,138.598633,-34.928661
ADELAIDE,MELBOURNE,81.7,2019,12,138.598633,-34.928661
ADELAIDE,GOLD COAST,77.0,2019,1,138.598633,-34.928661
ADELAIDE,GOLD COAST,78.3,2019,2,138.598633,-34.928661
ADELAIDE,GOLD COAST,79.5,2019,3,138.598633,-34.928661
ADELAIDE,GOLD COAST,81.9,2019,4,138.598633,-34.928661
ADELAIDE,GOLD COAST,79.3,2019,5,138.598633,-34.928661
ADELAIDE,GOLD COAST,81.6,2019,6,138.598633,-34.928661
ADELAIDE,GOLD COAST,86.9,2019,7,138.598633,-34.928661
ADELAIDE,GOLD COAST,89.4,2019,8,138.598633,-34.928661
ADELAIDE,GOLD COAST,86.6,2019,9,138.598633,-34.928661
ADELAIDE,GOLD COAST,91.6,2019,10,138.598633,-34.928661
ADELAIDE,GOLD COAST,85.4,2019,11,138.598633,-34.928661
ADELAIDE,GOLD COAST,85.8,2019,12,138.598633,-34.928661
ADELAIDE,PERTH,79.0,2019,1,138.598633,-34.928661
ADELAIDE,PERTH,75.3,2019,2,138.598633,-34.928661
ADELAIDE,PERTH,72.6,2019,3,138.598633,-34.928661
ADELAIDE,PERTH,77.1,2019,4,138.598633,-34.928661
ADELAIDE,PERTH,73.1,2019,5,138.598633,-34.928661
ADELAIDE,PERTH,69.8,2019,6,138.598633,-34.928661
ADELAIDE,PERTH,74.5,2019,7,138.598633,-34.928661
ADELAIDE,PERTH,76.0,2019,8,138.598633,-34.928661
ADELAIDE,PERTH,77.8,2019,9,138.598633,-34.928661
ADELAIDE,PERTH,81.4,2019,10,138.598633,-34.928661
ADELAIDE,PERTH,81.6,2019,11,138.598633,-34.928661
ADELAIDE,PERTH,83.6,2019,12,138.598633,-34.928661
ADELAIDE,PORT LINCOLN,59.7,2019,1,138.598633,-34.928661
ADELAIDE,PORT LINCOLN,56.4,2019,2,138.598633,-34.928661
ADELAIDE,PORT LINCOLN,61.0,2019,3,138.598633,-34.928661
ADELAIDE,PORT LINCOLN,62.2,2019,4,138.598633,-34.928661
ADELAIDE,PORT LINCOLN,57.0,2019,5,138.598633,-34.928661
ADELAIDE,PORT LINCOLN,55.9,2019,6,138.598633,-34.928661
ADELAIDE,PORT LINCOLN,53.1,2019,7,138.598633,-34.928661
ADELAIDE,PORT LINCOLN,55.8,2019,8,138.598633,-34.928661
ADELAIDE,PORT LINCOLN,60.9,2019,9,138.598633,-34.928661
ADELAIDE,PORT LINCOLN,65.3,2019,10,138.598633,-34.928661
ADELAIDE,PORT LINCOLN,68.0,2019,11,138.598633,-34.928661
ADELAIDE,PORT LINCOLN,67.6,2019,12,138.598633,-34.928661
ADELAIDE,SYDNEY,80.9,2019,1,138.598633,-34.928661
ADELAIDE,SYDNEY,81.0,2019,2,138.598633,-34.928661
ADELAIDE,SYDNEY,84.7,2019,3,138.598633,-34.928661
ADELAIDE,SYDNEY,84.8,2019,4,138.598633,-34.928661
ADELAIDE,SYDNEY,80.4,2019,5,138.598633,-34.928661
ADELAIDE,SYDNEY,78.5,2019,6,138.598633,-34.928661
ADELAIDE,SYDNEY,82.8,2019,7,138.598633,-34.928661
ADELAIDE,SYDNEY,86.1,2019,8,138.598633,-34.928661
ADELAIDE,SYDNEY,84.5,2019,9,138.598633,-34.928661
ADELAIDE,SYDNEY,89.4,2019,10,138.598633,-34.928661
ADELAIDE,SYDNEY,87.7,2019,11,138.598633,-34.928661
ADELAIDE,SYDNEY,84.6,2019,12,138.598633,-34.928661
ARMIDALE,SYDNEY,64.7,2019,1,151.671234,-30.50828
ARMIDALE,SYDNEY,65.4,2019,2,151.671234,-30.50828
ARMIDALE,SYDNEY,69.6,2019,3,151.671234,-30.50828
ARMIDALE,SYDNEY,70.8,2019,4,151.671234,-30.50828
ARMIDALE,SYDNEY,69.9,2019,5,151.671234,-30.50828
ARMIDALE,SYDNEY,64.1,2019,6,151.671234,-30.50828
ARMIDALE,SYDNEY,63.2,2019,7,151.671234,-30.50828
ARMIDALE,SYDNEY,65.3,2019,8,151.671234,-30.50828
ARMIDALE,SYDNEY,70.4,2019,9,151.671234,-30.50828
ARMIDALE,SYDNEY,71.7,2019,10,151.671234,-30.50828
ARMIDALE,SYDNEY,76.3,2019,11,151.671234,-30.50828
ARMIDALE,SYDNEY,69.6,2019,12,151.671234,-30.50828
ALICE SPRINGS,DARWIN,44.5,2019,1,133.883621,-23.697479
ALICE SPRINGS,DARWIN,50.3,2019,2,133.883621,-23.697479
ALICE SPRINGS,DARWIN,48.2,2019,3,133.883621,-23.697479
ALICE SPRINGS,DARWIN,32.9,2019,4,133.883621,-23.697479
ALICE SPRINGS,DARWIN,35.1,2019,5,133.883621,-23.697479
ALICE SPRINGS,DARWIN,39.6,2019,6,133.883621,-23.697479
ALICE SPRINGS,DARWIN,47.9,2019,7,133.883621,-23.697479
ALICE SPRINGS,DARWIN,47.6,2019,8,133.883621,-23.697479
ALICE SPRINGS,DARWIN,37.1,2019,9,133.883621,-23.697479
ALICE SPRINGS,DARWIN,41.0,2019,10,133.883621,-23.697479
ALICE SPRINGS,DARWIN,62.7,2019,11,133.883621,-23.697479
ALICE SPRINGS,DARWIN,59.6,2019,12,133.883621,-23.697479
ALICE SPRINGS,MELBOURNE,0.0,2019,1,133.883621,-23.697479
ALICE SPRINGS,MELBOURNE,0.0,2019,2,133.883621,-23.697479
ALICE SPRINGS,MELBOURNE,0.0,2019,3,133.883621,-23.697479
ALICE SPRINGS,MELBOURNE,0.0,2019,4,133.883621,-23.697479
ALICE SPRINGS,MELBOURNE,0.0,2019,5,133.883621,-23.697479
ALICE SPRINGS,MELBOURNE,0.0,2019,6,133.883621,-23.697479
ALICE SPRINGS,MELBOURNE,0.0,2019,7,133.883621,-23.697479
ALICE SPRINGS,MELBOURNE,0.0,2019,8,133.883621,-23.697479
ALICE SPRINGS,MELBOURNE,0.0,2019,9,133.883621,-23.697479
ALICE SPRINGS,MELBOURNE,0.0,2019,10,133.883621,-23.697479
ALICE SPRINGS,MELBOURNE,0.0,2019,11,133.883621,-23.697479
ALICE SPRINGS,MELBOURNE,0.0,2019,12,133.883621,-23.697479
ALICE SPRINGS,SYDNEY,0.0,2019,1,133.883621,-23.697479
ALICE SPRINGS,SYDNEY,0.0,2019,2,133.883621,-23.697479
ALICE SPRINGS,SYDNEY,0.0,2019,3,133.883621,-23.697479
ALICE SPRINGS,SYDNEY,0.0,2019,4,133.883621,-23.697479
ALICE SPRINGS,SYDNEY,0.0,2019,5,133.883621,-23.697479
ALICE SPRINGS,SYDNEY,0.0,2019,6,133.883621,-23.697479
ALICE SPRINGS,SYDNEY,0.0,2019,7,133.883621,-23.697479
ALICE SPRINGS,SYDNEY,0.0,2019,8,133.883621,-23.697479
ALICE SPRINGS,SYDNEY,0.0,2019,9,133.883621,-23.697479
ALICE SPRINGS,SYDNEY,0.0,2019,10,133.883621,-23.697479
ALICE SPRINGS,SYDNEY,0.0,2019,11,133.883621,-23.697479
ALICE SPRINGS,SYDNEY,0.0,2019,12,133.883621,-23.697479
BUNDABERG,BRISBANE,61.7,2019,1,152.3479,-24.866211
BUNDABERG,BRISBANE,62.9,2019,2,152.3479,-24.866211
BUNDABERG,BRISBANE,66.2,2019,3,152.3479,-24.866211
BUNDABERG,BRISBANE,67.6,2019,4,152.3479,-24.866211
BUNDABERG,BRISBANE,69.6,2019,5,152.3479,-24.866211
BUNDABERG,BRISBANE,68.8,2019,6,152.3479,-24.866211
BUNDABERG,BRISBANE,67.7,2019,7,152.3479,-24.866211
BUNDABERG,BRISBANE,69.4,2019,8,152.3479,-24.866211
BUNDABERG,BRISBANE,72.4,2019,9,152.3479,-24.866211
BUNDABERG,BRISBANE,73.2,2019,10,152.3479,-24.866211
BUNDABERG,BRISBANE,68.8,2019,11,152.3479,-24.866211
BUNDABERG,BRISBANE,70.4,2019,12,152.3479,-24.866211
BROOME,PERTH,67.5,2019,1,122.23922,-17.955379
BROOME,PERTH,62.0,2019,2,122.23922,-17.955379
BROOME,PERTH,66.9,2019,3,122.23922,-17.955379
BROOME,PERTH,74.6,2019,4,122.23922,-17.955379
BROOME,PERTH,75.5,2019,5,122.23922,-17.955379
BROOME,PERTH,79.3,2019,6,122.23922,-17.955379
BROOME,PERTH,88.7,2019,7,122.23922,-17.955379
BROOME,PERTH,84.2,2019,8,122.23922,-17.955379
BROOME,PERTH,83.9,2019,9,122.23922,-17.955379
BROOME,PERTH,81.2,2019,10,122.23922,-17.955379
BROOME,PERTH,75.0,2019,11,122.23922,-17.955379
BROOME,PERTH,67.2,2019,12,122.23922,-17.955379
BRISBANE,CANBERRA,68.6,2019,1,153.024292,-27.47101
BRISBANE,CANBERRA,67.7,2019,2,153.024292,-27.47101
BRISBANE,CANBERRA,72.8,2019,3,153.024292,-27.47101
BRISBANE,CANBERRA,74.7,2019,4,153.024292,-27.47101
BRISBANE,CANBERRA,69.2,2019,5,153.024292,-27.47101
BRISBANE,CANBERRA,72.6,2019,6,153.024292,-27.47101
BRISBANE,CANBERRA,78.3,2019,7,153.024292,-27.47101
BRISBANE,CANBERRA,77.8,2019,8,153.024292,-27.47101
BRISBANE,CANBERRA,77.0,2019,9,153.024292,-27.47101
BRISBANE,CANBERRA,76.2,2019,10,153.024292,-27.47101
BRISBANE,CANBERRA,77.1,2019,11,153.024292,-27.47101
BRISBANE,CANBERRA,74.9,2019,12,153.024292,-27.47101
BRISBANE,CAIRNS,76.1,2019,1,153.024292,-27.47101
BRISBANE,CAIRNS,85.4,2019,2,153.024292,-27.47101
BRISBANE,CAIRNS,83.6,2019,3,153.024292,-27.47101
BRISBANE,CAIRNS,80.7,2019,4,153.024292,-27.47101
BRISBANE,CAIRNS,82.7,2019,5,153.024292,-27.47101
BRISBANE,CAIRNS,84.0,2019,6,153.024292,-27.47101
BRISBANE,CAIRNS,84.7,2019,7,153.024292,-27.47101
BRISBANE,CAIRNS,86.6,2019,8,153.024292,-27.47101
BRISBANE,CAIRNS,83.1,2019,9,153.024292,-27.47101
BRISBANE,CAIRNS,87.8,2019,10,153.024292,-27.47101
BRISBANE,CAIRNS,89.4,2019,11,153.024292,-27.47101
BRISBANE,CAIRNS,85.3,2019,12,153.024292,-27.47101
BRISBANE,DARWIN,71.6,2019,1,153.024292,-27.47101
BRISBANE,DARWIN,70.0,2019,2,153.024292,-27.47101
BRISBANE,DARWIN,72.9,2019,3,153.024292,-27.47101
BRISBANE,DARWIN,83.3,2019,4,153.024292,-27.47101
BRISBANE,DARWIN,82.9,2019,5,153.024292,-27.47101
BRISBANE,DARWIN,83.6,2019,6,153.024292,-27.47101
BRISBANE,DARWIN,83.7,2019,7,153.024292,-27.47101
BRISBANE,DARWIN,85.2,2019,8,153.024292,-27.47101
BRISBANE,DARWIN,81.2,2019,9,153.024292,-27.47101
BRISBANE,DARWIN,77.2,2019,10,153.024292,-27.47101
BRISBANE,DARWIN,80.1,2019,11,153.024292,-27.47101
BRISBANE,DARWIN,76.1,2019,12,153.024292,-27.47101
BRISBANE,EMERALD,59.1,2019,1,153.024292,-27.47101
BRISBANE,EMERALD,62.7,2019,2,153.024292,-27.47101
BRISBANE,EMERALD,64.8,2019,3,153.024292,-27.47101
BRISBANE,EMERALD,66.8,2019,4,153.024292,-27.47101
BRISBANE,EMERALD,65.8,2019,5,153.024292,-27.47101
BRISBANE,EMERALD,68.5,2019,6,153.024292,-27.47101
BRISBANE,EMERALD,70.6,2019,7,153.024292,-27.47101
BRISBANE,EMERALD,70.8,2019,8,153.024292,-27.47101
BRISBANE,EMERALD,69.0,2019,9,153.024292,-27.47101
BRISBANE,EMERALD,71.8,2019,10,153.024292,-27.47101
BRISBANE,EMERALD,69.7,2019,11,153.024292,-27.47101
BRISBANE,EMERALD,66.7,2019,12,153.024292,-27.47101
BRISBANE,GLADSTONE,67.0,2019,1,153.024292,-27.47101
BRISBANE,GLADSTONE,61.5,2019,2,153.024292,-27.47101
BRISBANE,GLADSTONE,65.1,2019,3,153.024292,-27.47101
BRISBANE,GLADSTONE,66.5,2019,4,153.024292,-27.47101
BRISBANE,GLADSTONE,64.5,2019,5,153.024292,-27.47101
BRISBANE,GLADSTONE,64.9,2019,6,153.024292,-27.47101
BRISBANE,GLADSTONE,69.3,2019,7,153.024292,-27.47101
BRISBANE,GLADSTONE,65.9,2019,8,153.024292,-27.47101
BRISBANE,GLADSTONE,68.2,2019,9,153.024292,-27.47101
BRISBANE,GLADSTONE,68.6,2019,10,153.024292,-27.47101
BRISBANE,GLADSTONE,68.2,2019,11,153.024292,-27.47101
BRISBANE,GLADSTONE,67.8,2019,12,153.024292,-27.47101
BRISBANE,HOBART,80.8,2019,1,153.024292,-27.47101
BRISBANE,HOBART,79.3,2019,2,153.024292,-27.47101
BRISBANE,HOBART,78.4,2019,3,153.024292,-27.47101
BRISBANE,HOBART,84.6,2019,4,153.024292,-27.47101
BRISBANE,HOBART,81.5,2019,5,153.024292,-27.47101
BRISBANE,HOBART,81.8,2019,6,153.024292,-27.47101
BRISBANE,HOBART,86.1,2019,7,153.024292,-27.47101
BRISBANE,HOBART,83.3,2019,8,153.024292,-27.47101
BRISBANE,HOBART,86.0,2019,9,153.024292,-27.47101
BRISBANE,HOBART,89.5,2019,10,153.024292,-27.47101
BRISBANE,HOBART,85.4,2019,11,153.024292,-27.47101
BRISBANE,HOBART,83.5,2019,12,153.024292,-27.47101
BRISBANE,HAMILTON ISLAND,62.0,2019,1,153.024292,-27.47101
BRISBANE,HAMILTON ISLAND,71.7,2019,2,153.024292,-27.47101
BRISBANE,HAMILTON ISLAND,64.1,2019,3,153.024292,-27.47101
BRISBANE,HAMILTON ISLAND,70.9,2019,4,153.024292,-27.47101
BRISBANE,HAMILTON ISLAND,66.9,2019,5,153.024292,-27.47101
BRISBANE,HAMILTON ISLAND,66.8,2019,6,153.024292,-27.47101
BRISBANE,HAMILTON ISLAND,73.4,2019,7,153.024292,-27.47101
BRISBANE,HAMILTON ISLAND,80.6,2019,8,153.024292,-27.47101
BRISBANE,HAMILTON ISLAND,80.5,2019,9,153.024292,-27.47101
BRISBANE,HAMILTON ISLAND,80.5,2019,10,153.024292,-27.47101
BRISBANE,HAMILTON ISLAND,77.3,2019,11,153.024292,-27.47101
BRISBANE,HAMILTON ISLAND,75.3,2019,12,153.024292,-27.47101
BRISBANE,MOUNT ISA,63.1,2019,1,153.024292,-27.47101
BRISBANE,MOUNT ISA,67.6,2019,2,153.024292,-27.47101
BRISBANE,MOUNT ISA,68.6,2019,3,153.024292,-27.47101
BRISBANE,MOUNT ISA,68.4,2019,4,153.024292,-27.47101
BRISBANE,MOUNT ISA,71.6,2019,5,153.024292,-27.47101
BRISBANE,MOUNT ISA,72.8,2019,6,153.024292,-27.47101
BRISBANE,MOUNT ISA,75.0,2019,7,153.024292,-27.47101
BRISBANE,MOUNT ISA,77.2,2019,8,153.024292,-27.47101
BRISBANE,MOUNT ISA,76.6,2019,9,153.024292,-27.47101
BRISBANE,MOUNT ISA,77.8,2019,10,153.024292,-27.47101
BRISBANE,MOUNT ISA,78.9,2019,11,153.024292,-27.47101
BRISBANE,MOUNT ISA,73.8,2019,12,153.024292,-27.47101
BRISBANE,MELBOURNE,80.9,2019,1,153.024292,-27.47101
BRISBANE,MELBOURNE,78.6,2019,2,153.024292,-27.47101
BRISBANE,MELBOURNE,81.2,2019,3,153.024292,-27.47101
BRISBANE,MELBOURNE,82.8,2019,4,153.024292,-27.47101
BRISBANE,MELBOURNE,80.8,2019,5,153.024292,-27.47101
BRISBANE,MELBOURNE,81.4,2019,6,153.024292,-27.47101
BRISBANE,MELBOURNE,85.4,2019,7,153.024292,-27.47101
BRISBANE,MELBOURNE,85.4,2019,8,153.024292,-27.47101
BRISBANE,MELBOURNE,86.6,2019,9,153.024292,-27.47101
BRISBANE,MELBOURNE,87.4,2019,10,153.024292,-27.47101
BRISBANE,MELBOURNE,86.7,2019,11,153.024292,-27.47101
BRISBANE,MELBOURNE,85.8,2019,12,153.024292,-27.47101
BRISBANE,MACKAY,71.2,2019,1,153.024292,-27.47101
BRISBANE,MACKAY,72.6,2019,2,153.024292,-27.47101
BRISBANE,MACKAY,75.4,2019,3,153.024292,-27.47101
BRISBANE,MACKAY,73.4,2019,4,153.024292,-27.47101
BRISBANE,MACKAY,74.7,2019,5,153.024292,-27.47101
BRISBANE,MACKAY,75.4,2019,6,153.024292,-27.47101
BRISBANE,MACKAY,77.3,2019,7,153.024292,-27.47101
BRISBANE,MACKAY,78.3,2019,8,153.024292,-27.47101
BRISBANE,MACKAY,80.7,2019,9,153.024292,-27.47101
BRISBANE,MACKAY,82.3,2019,10,153.024292,-27.47101
BRISBANE,MACKAY,81.0,2019,11,153.024292,-27.47101
BRISBANE,MACKAY,83.1,2019,12,153.024292,-27.47101
BRISBANE,MORANBAH,0.0,2019,1,153.024292,-27.47101
BRISBANE,MORANBAH,0.0,2019,2,153.024292,-27.47101
BRISBANE,MORANBAH,0.0,2019,3,153.024292,-27.47101
BRISBANE,MORANBAH,0.0,2019,4,153.024292,-27.47101
BRISBANE,MORANBAH,0.0,2019,5,153.024292,-27.47101
BRISBANE,MORANBAH,0.0,2019,6,153.024292,-27.47101
BRISBANE,MORANBAH,0.0,2019,7,153.024292,-27.47101
BRISBANE,MORANBAH,0.0,2019,8,153.024292,-27.47101
BRISBANE,MORANBAH,0.0,2019,9,153.024292,-27.47101
BRISBANE,MORANBAH,0.0,2019,10,153.024292,-27.47101
BRISBANE,MORANBAH,0.0,2019,11,153.024292,-27.47101
BRISBANE,MORANBAH,0.0,2019,12,153.024292,-27.47101
BRISBANE,NEWCASTLE,73.7,2019,1,153.024292,-27.47101
BRISBANE,NEWCASTLE,69.5,2019,2,153.024292,-27.47101
BRISBANE,NEWCASTLE,72.4,2019,3,153.024292,-27.47101
BRISBANE,NEWCASTLE,74.7,2019,4,153.024292,-27.47101
BRISBANE,NEWCASTLE,72.5,2019,5,153.024292,-27.47101
BRISBANE,NEWCASTLE,73.6,2019,6,153.024292,-27.47101
BRISBANE,NEWCASTLE,72.1,2019,7,153.024292,-27.47101
BRISBANE,NEWCASTLE,76.8,2019,8,153.024292,-27.47101
BRISBANE,NEWCASTLE,77.3,2019,9,153.024292,-27.47101
BRISBANE,NEWCASTLE,82.5,2019,10,153.024292,-27.47101
BRISBANE,NEWCASTLE,79.1,2019,11,153.024292,-27.47101
BRISBANE,NEWCASTLE,77.3,2019,12,153.024292,-27.47101
BRISBANE,PERTH,84.5,2019,1,153.024292,-27.47101
BRISBANE,PERTH,75.5,2019,2,153.024292,-27.47101
BRISBANE,PERTH,78.9,2019,3,153.024292,-27.47101
BRISBANE,PERTH,85.7,2019,4,153.024292,-27.47101
BRISBANE,PERTH,81.0,2019,5,153.024292,-27.47101
BRISBANE,PERTH,81.0,2019,6,153.024292,-27.47101
BRISBANE,PERTH,87.5,2019,7,153.024292,-27.47101
BRISBANE,PERTH,82.9,2019,8,153.024292,-27.47101
BRISBANE,PERTH,87.2,2019,9,153.024292,-27.47101
BRISBANE,PERTH,91.3,2019,10,153.024292,-27.47101
BRISBANE,PERTH,88.6,2019,11,153.024292,-27.47101
BRISBANE,PERTH,90.5,2019,12,153.024292,-27.47101
BRISBANE,PROSERPINE,72.4,2019,1,153.024292,-27.47101
BRISBANE,PROSERPINE,76.8,2019,2,153.024292,-27.47101
BRISBANE,PROSERPINE,74.1,2019,3,153.024292,-27.47101
BRISBANE,PROSERPINE,76.8,2019,4,153.024292,-27.47101
BRISBANE,PROSERPINE,77.0,2019,5,153.024292,-27.47101
BRISBANE,PROSERPINE,77.3,2019,6,153.024292,-27.47101
BRISBANE,PROSERPINE,81.3,2019,7,153.024292,-27.47101
BRISBANE,PROSERPINE,88.2,2019,8,153.024292,-27.47101
BRISBANE,PROSERPINE,86.9,2019,9,153.024292,-27.47101
BRISBANE,PROSERPINE,90.0,2019,10,153.024292,-27.47101
BRISBANE,PROSERPINE,86.9,2019,11,153.024292,-27.47101
BRISBANE,PROSERPINE,80.9,2019,12,153.024292,-27.47101
BRISBANE,ROCKHAMPTON,71.6,2019,1,153.024292,-27.47101
BRISBANE,ROCKHAMPTON,75.2,2019,2,153.024292,-27.47101
BRISBANE,ROCKHAMPTON,76.4,2019,3,153.024292,-27.47101
BRISBANE,ROCKHAMPTON,79.2,2019,4,153.024292,-27.47101
BRISBANE,ROCKHAMPTON,78.6,2019,5,153.024292,-27.47101
BRISBANE,ROCKHAMPTON,78.6,2019,6,153.024292,-27.47101
BRISBANE,ROCKHAMPTON,86.4,2019,7,153.024292,-27.47101
BRISBANE,ROCKHAMPTON,83.5,2019,8,153.024292,-27.47101
BRISBANE,ROCKHAMPTON,85.7,2019,9,153.024292,-27.47101
BRISBANE,ROCKHAMPTON,85.1,2019,10,153.024292,-27.47101
BRISBANE,ROCKHAMPTON,81.9,2019,11,153.024292,-27.47101
BRISBANE,ROCKHAMPTON,82.4,2019,12,153.024292,-27.47101
BRISBANE,SYDNEY,83.0,2019,1,153.024292,-27.47101
BRISBANE,SYDNEY,80.7,2019,2,153.024292,-27.47101
BRISBANE,SYDNEY,82.3,2019,3,153.024292,-27.47101
BRISBANE,SYDNEY,81.3,2019,4,153.024292,-27.47101
BRISBANE,SYDNEY,79.4,2019,5,153.024292,-27.47101
BRISBANE,SYDNEY,80.9,2019,6,153.024292,-27.47101
BRISBANE,SYDNEY,82.6,2019,7,153.024292,-27.47101
BRISBANE,SYDNEY,84.3,2019,8,153.024292,-27.47101
BRISBANE,SYDNEY,82.5,2019,9,153.024292,-27.47101
BRISBANE,SYDNEY,87.6,2019,10,153.024292,-27.47101
BRISBANE,SYDNEY,86.7,2019,11,153.024292,-27.47101
BRISBANE,SYDNEY,86.7,2019,12,153.024292,-27.47101
BRISBANE,TOWNSVILLE,70.6,2019,1,153.024292,-27.47101
BRISBANE,TOWNSVILLE,74.0,2019,2,153.024292,-27.47101
BRISBANE,TOWNSVILLE,81.0,2019,3,153.024292,-27.47101
BRISBANE,TOWNSVILLE,75.2,2019,4,153.024292,-27.47101
BRISBANE,TOWNSVILLE,73.7,2019,5,153.024292,-27.47101
BRISBANE,TOWNSVILLE,78.7,2019,6,153.024292,-27.47101
BRISBANE,TOWNSVILLE,80.4,2019,7,153.024292,-27.47101
BRISBANE,TOWNSVILLE,80.9,2019,8,153.024292,-27.47101
BRISBANE,TOWNSVILLE,81.7,2019,9,153.024292,-27.47101
BRISBANE,TOWNSVILLE,80.7,2019,10,153.024292,-27.47101
BRISBANE,TOWNSVILLE,79.6,2019,11,153.024292,-27.47101
BRISBANE,TOWNSVILLE,82.2,2019,12,153.024292,-27.47101
CANBERRA,MELBOURNE,63.3,2019,1,149.13435,-35.27603
CANBERRA,MELBOURNE,68.8,2019,2,149.13435,-35.27603
CANBERRA,MELBOURNE,70.6,2019,3,149.13435,-35.27603
CANBERRA,MELBOURNE,68.6,2019,4,149.13435,-35.27603
CANBERRA,MELBOURNE,65.2,2019,5,149.13435,-35.27603
CANBERRA,MELBOURNE,64.7,2019,6,149.13435,-35.27603
CANBERRA,MELBOURNE,65.2,2019,7,149.13435,-35.27603
CANBERRA,MELBOURNE,65.7,2019,8,149.13435,-35.27603
CANBERRA,MELBOURNE,68.2,2019,9,149.13435,-35.27603
CANBERRA,MELBOURNE,71.6,2019,10,149.13435,-35.27603
CANBERRA,MELBOURNE,72.7,2019,11,149.13435,-35.27603
CANBERRA,MELBOURNE,69.0,2019,12,149.13435,-35.27603
CANBERRA,SYDNEY,70.6,2019,1,149.13435,-35.27603
CANBERRA,SYDNEY,70.7,2019,2,149.13435,-35.27603
CANBERRA,SYDNEY,73.4,2019,3,149.13435,-35.27603
CANBERRA,SYDNEY,70.7,2019,4,149.13435,-35.27603
CANBERRA,SYDNEY,73.4,2019,5,149.13435,-35.27603
CANBERRA,SYDNEY,77.2,2019,6,149.13435,-35.27603
CANBERRA,SYDNEY,74.9,2019,7,149.13435,-35.27603
CANBERRA,SYDNEY,75.7,2019,8,149.13435,-35.27603
CANBERRA,SYDNEY,77.0,2019,9,149.13435,-35.27603
CANBERRA,SYDNEY,77.6,2019,10,149.13435,-35.27603
CANBERRA,SYDNEY,81.0,2019,11,149.13435,-35.27603
CANBERRA,SYDNEY,76.1,2019,12,149.13435,-35.27603
COFFS HARBOUR,SYDNEY,70.1,2019,1,153.11351000000005,-30.296261
COFFS HARBOUR,SYDNEY,68.9,2019,2,153.11351000000005,-30.296261
COFFS HARBOUR,SYDNEY,73.8,2019,3,153.11351000000005,-30.296261
COFFS HARBOUR,SYDNEY,73.8,2019,4,153.11351000000005,-30.296261
COFFS HARBOUR,SYDNEY,72.8,2019,5,153.11351000000005,-30.296261
COFFS HARBOUR,SYDNEY,67.6,2019,6,153.11351000000005,-30.296261
COFFS HARBOUR,SYDNEY,70.2,2019,7,153.11351000000005,-30.296261
COFFS HARBOUR,SYDNEY,75.2,2019,8,153.11351000000005,-30.296261
COFFS HARBOUR,SYDNEY,73.5,2019,9,153.11351000000005,-30.296261
COFFS HARBOUR,SYDNEY,80.0,2019,10,153.11351000000005,-30.296261
COFFS HARBOUR,SYDNEY,79.6,2019,11,153.11351000000005,-30.296261
COFFS HARBOUR,SYDNEY,75.2,2019,12,153.11351000000005,-30.296261
CAIRNS,MELBOURNE,81.1,2019,1,145.766251,-16.92304
CAIRNS,MELBOURNE,76.2,2019,2,145.766251,-16.92304
CAIRNS,MELBOURNE,78.5,2019,3,145.766251,-16.92304
CAIRNS,MELBOURNE,81.2,2019,4,145.766251,-16.92304
CAIRNS,MELBOURNE,83.6,2019,5,145.766251,-16.92304
CAIRNS,MELBOURNE,87.5,2019,6,145.766251,-16.92304
CAIRNS,MELBOURNE,89.9,2019,7,145.766251,-16.92304
CAIRNS,MELBOURNE,90.9,2019,8,145.766251,-16.92304
CAIRNS,MELBOURNE,87.6,2019,9,145.766251,-16.92304
CAIRNS,MELBOURNE,85.7,2019,10,145.766251,-16.92304
CAIRNS,MELBOURNE,90.2,2019,11,145.766251,-16.92304
CAIRNS,MELBOURNE,85.7,2019,12,145.766251,-16.92304
CAIRNS,SYDNEY,79.6,2019,1,145.766251,-16.92304
CAIRNS,SYDNEY,78.1,2019,2,145.766251,-16.92304
CAIRNS,SYDNEY,80.0,2019,3,145.766251,-16.92304
CAIRNS,SYDNEY,79.4,2019,4,145.766251,-16.92304
CAIRNS,SYDNEY,81.6,2019,5,145.766251,-16.92304
CAIRNS,SYDNEY,84.8,2019,6,145.766251,-16.92304
CAIRNS,SYDNEY,88.2,2019,7,145.766251,-16.92304
CAIRNS,SYDNEY,88.0,2019,8,145.766251,-16.92304
CAIRNS,SYDNEY,81.4,2019,9,145.766251,-16.92304
CAIRNS,SYDNEY,86.9,2019,10,145.766251,-16.92304
CAIRNS,SYDNEY,91.4,2019,11,145.766251,-16.92304
CAIRNS,SYDNEY,86.0,2019,12,145.766251,-16.92304
CAIRNS,TOWNSVILLE,46.6,2019,1,145.766251,-16.92304
CAIRNS,TOWNSVILLE,57.0,2019,2,145.766251,-16.92304
CAIRNS,TOWNSVILLE,57.5,2019,3,145.766251,-16.92304
CAIRNS,TOWNSVILLE,58.5,2019,4,145.766251,-16.92304
CAIRNS,TOWNSVILLE,58.5,2019,5,145.766251,-16.92304
CAIRNS,TOWNSVILLE,63.1,2019,6,145.766251,-16.92304
CAIRNS,TOWNSVILLE,61.1,2019,7,145.766251,-16.92304
CAIRNS,TOWNSVILLE,57.0,2019,8,145.766251,-16.92304
CAIRNS,TOWNSVILLE,60.9,2019,9,145.766251,-16.92304
CAIRNS,TOWNSVILLE,62.1,2019,10,145.766251,-16.92304
CAIRNS,TOWNSVILLE,60.7,2019,11,145.766251,-16.92304
CAIRNS,TOWNSVILLE,54.8,2019,12,145.766251,-16.92304
DUBBO,SYDNEY,64.2,2019,1,148.604843,-32.24295
DUBBO,SYDNEY,65.6,2019,2,148.604843,-32.24295
DUBBO,SYDNEY,68.4,2019,3,148.604843,-32.24295
DUBBO,SYDNEY,68.2,2019,4,148.604843,-32.24295
DUBBO,SYDNEY,69.4,2019,5,148.604843,-32.24295
DUBBO,SYDNEY,68.1,2019,6,148.604843,-32.24295
DUBBO,SYDNEY,64.4,2019,7,148.604843,-32.24295
DUBBO,SYDNEY,67.2,2019,8,148.604843,-32.24295
DUBBO,SYDNEY,67.0,2019,9,148.604843,-32.24295
DUBBO,SYDNEY,68.8,2019,10,148.604843,-32.24295
DUBBO,SYDNEY,69.8,2019,11,148.604843,-32.24295
DUBBO,SYDNEY,67.2,2019,12,148.604843,-32.24295
DARWIN,MELBOURNE,73.1,2019,1,130.836639,-12.45722
DARWIN,MELBOURNE,70.5,2019,2,130.836639,-12.45722
DARWIN,MELBOURNE,73.9,2019,3,130.836639,-12.45722
DARWIN,MELBOURNE,82.5,2019,4,130.836639,-12.45722
DARWIN,MELBOURNE,85.2,2019,5,130.836639,-12.45722
DARWIN,MELBOURNE,88.8,2019,6,130.836639,-12.45722
DARWIN,MELBOURNE,89.9,2019,7,130.836639,-12.45722
DARWIN,MELBOURNE,90.8,2019,8,130.836639,-12.45722
DARWIN,MELBOURNE,86.3,2019,9,130.836639,-12.45722
DARWIN,MELBOURNE,80.0,2019,10,130.836639,-12.45722
DARWIN,MELBOURNE,80.9,2019,11,130.836639,-12.45722
DARWIN,MELBOURNE,78.5,2019,12,130.836639,-12.45722
DARWIN,PERTH,62.3,2019,1,130.836639,-12.45722
DARWIN,PERTH,59.1,2019,2,130.836639,-12.45722
DARWIN,PERTH,60.9,2019,3,130.836639,-12.45722
DARWIN,PERTH,72.0,2019,4,130.836639,-12.45722
DARWIN,PERTH,67.8,2019,5,130.836639,-12.45722
DARWIN,PERTH,76.5,2019,6,130.836639,-12.45722
DARWIN,PERTH,82.9,2019,7,130.836639,-12.45722
DARWIN,PERTH,76.6,2019,8,130.836639,-12.45722
DARWIN,PERTH,72.6,2019,9,130.836639,-12.45722
DARWIN,PERTH,74.2,2019,10,130.836639,-12.45722
DARWIN,PERTH,59.6,2019,11,130.836639,-12.45722
DARWIN,PERTH,64.5,2019,12,130.836639,-12.45722
DARWIN,SYDNEY,64.4,2019,1,130.836639,-12.45722
DARWIN,SYDNEY,67.5,2019,2,130.836639,-12.45722
DARWIN,SYDNEY,65.4,2019,3,130.836639,-12.45722
DARWIN,SYDNEY,79.4,2019,4,130.836639,-12.45722
DARWIN,SYDNEY,81.5,2019,5,130.836639,-12.45722
DARWIN,SYDNEY,85.3,2019,6,130.836639,-12.45722
DARWIN,SYDNEY,86.2,2019,7,130.836639,-12.45722
DARWIN,SYDNEY,86.3,2019,8,130.836639,-12.45722
DARWIN,SYDNEY,80.5,2019,9,130.836639,-12.45722
DARWIN,SYDNEY,76.0,2019,10,130.836639,-12.45722
DARWIN,SYDNEY,70.9,2019,11,130.836639,-12.45722
DARWIN,SYDNEY,76.1,2019,12,130.836639,-12.45722
GERALDTON,PERTH,46.1,2019,1,146.031021,-17.522091
GERALDTON,PERTH,62.0,2019,2,146.031021,-17.522091
GERALDTON,PERTH,61.8,2019,3,146.031021,-17.522091
GERALDTON,PERTH,62.3,2019,4,146.031021,-17.522091
GERALDTON,PERTH,62.2,2019,5,146.031021,-17.522091
GERALDTON,PERTH,56.8,2019,6,146.031021,-17.522091
GERALDTON,PERTH,61.5,2019,7,146.031021,-17.522091
GERALDTON,PERTH,0.0,2019,8,146.031021,-17.522091
GERALDTON,PERTH,0.0,2019,9,146.031021,-17.522091
GERALDTON,PERTH,0.0,2019,10,146.031021,-17.522091
GERALDTON,PERTH,0.0,2019,11,146.031021,-17.522091
GERALDTON,PERTH,0.0,2019,12,146.031021,-17.522091
HOBART,MELBOURNE,79.2,2019,1,147.331665,-42.883209
HOBART,MELBOURNE,82.5,2019,2,147.331665,-42.883209
HOBART,MELBOURNE,79.1,2019,3,147.331665,-42.883209
HOBART,MELBOURNE,82.1,2019,4,147.331665,-42.883209
HOBART,MELBOURNE,77.1,2019,5,147.331665,-42.883209
HOBART,MELBOURNE,78.8,2019,6,147.331665,-42.883209
HOBART,MELBOURNE,78.6,2019,7,147.331665,-42.883209
HOBART,MELBOURNE,80.1,2019,8,147.331665,-42.883209
HOBART,MELBOURNE,79.1,2019,9,147.331665,-42.883209
HOBART,MELBOURNE,83.0,2019,10,147.331665,-42.883209
HOBART,MELBOURNE,83.8,2019,11,147.331665,-42.883209
HOBART,MELBOURNE,78.2,2019,12,147.331665,-42.883209
HOBART,SYDNEY,83.0,2019,1,147.331665,-42.883209
HOBART,SYDNEY,84.9,2019,2,147.331665,-42.883209
HOBART,SYDNEY,83.1,2019,3,147.331665,-42.883209
HOBART,SYDNEY,82.8,2019,4,147.331665,-42.883209
HOBART,SYDNEY,79.0,2019,5,147.331665,-42.883209
HOBART,SYDNEY,79.3,2019,6,147.331665,-42.883209
HOBART,SYDNEY,79.7,2019,7,147.331665,-42.883209
HOBART,SYDNEY,81.2,2019,8,147.331665,-42.883209
HOBART,SYDNEY,82.4,2019,9,147.331665,-42.883209
HOBART,SYDNEY,84.9,2019,10,147.331665,-42.883209
HOBART,SYDNEY,83.6,2019,11,147.331665,-42.883209
HOBART,SYDNEY,80.2,2019,12,147.331665,-42.883209
HAMILTON ISLAND,MELBOURNE,0.0,2019,1,148.95193500000005,-20.346020000000006
HAMILTON ISLAND,MELBOURNE,0.0,2019,2,148.95193500000005,-20.346020000000006
HAMILTON ISLAND,MELBOURNE,0.0,2019,3,148.95193500000005,-20.346020000000006
HAMILTON ISLAND,MELBOURNE,0.0,2019,4,148.95193500000005,-20.346020000000006
HAMILTON ISLAND,MELBOURNE,0.0,2019,5,148.95193500000005,-20.346020000000006
HAMILTON ISLAND,MELBOURNE,0.0,2019,6,148.95193500000005,-20.346020000000006
HAMILTON ISLAND,MELBOURNE,0.0,2019,7,148.95193500000005,-20.346020000000006
HAMILTON ISLAND,MELBOURNE,0.0,2019,8,148.95193500000005,-20.346020000000006
HAMILTON ISLAND,MELBOURNE,0.0,2019,9,148.95193500000005,-20.346020000000006
HAMILTON ISLAND,MELBOURNE,0.0,2019,10,148.95193500000005,-20.346020000000006
HAMILTON ISLAND,MELBOURNE,0.0,2019,11,148.95193500000005,-20.346020000000006
HAMILTON ISLAND,MELBOURNE,0.0,2019,12,148.95193500000005,-20.346020000000006
HAMILTON ISLAND,SYDNEY,70.9,2019,1,148.95193500000005,-20.346020000000006
HAMILTON ISLAND,SYDNEY,76.1,2019,2,148.95193500000005,-20.346020000000006
HAMILTON ISLAND,SYDNEY,65.9,2019,3,148.95193500000005,-20.346020000000006
HAMILTON ISLAND,SYDNEY,70.0,2019,4,148.95193500000005,-20.346020000000006
HAMILTON ISLAND,SYDNEY,64.8,2019,5,148.95193500000005,-20.346020000000006
HAMILTON ISLAND,SYDNEY,61.2,2019,6,148.95193500000005,-20.346020000000006
HAMILTON ISLAND,SYDNEY,73.4,2019,7,148.95193500000005,-20.346020000000006
HAMILTON ISLAND,SYDNEY,75.3,2019,8,148.95193500000005,-20.346020000000006
HAMILTON ISLAND,SYDNEY,77.0,2019,9,148.95193500000005,-20.346020000000006
HAMILTON ISLAND,SYDNEY,84.3,2019,10,148.95193500000005,-20.346020000000006
HAMILTON ISLAND,SYDNEY,79.0,2019,11,148.95193500000005,-20.346020000000006
HAMILTON ISLAND,SYDNEY,77.2,2019,12,148.95193500000005,-20.346020000000006
KARRATHA,PERTH,59.3,2019,1,116.84638,-20.73649
KARRATHA,PERTH,62.4,2019,2,116.84638,-20.73649
KARRATHA,PERTH,63.5,2019,3,116.84638,-20.73649
KARRATHA,PERTH,65.2,2019,4,116.84638,-20.73649
KARRATHA,PERTH,60.7,2019,5,116.84638,-20.73649
KARRATHA,PERTH,64.0,2019,6,116.84638,-20.73649
KARRATHA,PERTH,68.4,2019,7,116.84638,-20.73649
KARRATHA,PERTH,66.5,2019,8,116.84638,-20.73649
KARRATHA,PERTH,70.4,2019,9,116.84638,-20.73649
KARRATHA,PERTH,66.8,2019,10,116.84638,-20.73649
KARRATHA,PERTH,61.1,2019,11,116.84638,-20.73649
KARRATHA,PERTH,59.6,2019,12,116.84638,-20.73649
LAUNCESTON,MELBOURNE,75.3,2019,1,147.134674,-41.43875900000001
LAUNCESTON,MELBOURNE,83.3,2019,2,147.134674,-41.43875900000001
LAUNCESTON,MELBOURNE,78.2,2019,3,147.134674,-41.43875900000001
LAUNCESTON,MELBOURNE,79.5,2019,4,147.134674,-41.43875900000001
LAUNCESTON,MELBOURNE,79.2,2019,5,147.134674,-41.43875900000001
LAUNCESTON,MELBOURNE,74.3,2019,6,147.134674,-41.43875900000001
LAUNCESTON,MELBOURNE,79.3,2019,7,147.134674,-41.43875900000001
LAUNCESTON,MELBOURNE,84.0,2019,8,147.134674,-41.43875900000001
LAUNCESTON,MELBOURNE,80.3,2019,9,147.134674,-41.43875900000001
LAUNCESTON,MELBOURNE,81.6,2019,10,147.134674,-41.43875900000001
LAUNCESTON,MELBOURNE,83.7,2019,11,147.134674,-41.43875900000001
LAUNCESTON,MELBOURNE,77.6,2019,12,147.134674,-41.43875900000001
LAUNCESTON,SYDNEY,84.3,2019,1,147.134674,-41.43875900000001
LAUNCESTON,SYDNEY,86.7,2019,2,147.134674,-41.43875900000001
LAUNCESTON,SYDNEY,84.6,2019,3,147.134674,-41.43875900000001
LAUNCESTON,SYDNEY,83.2,2019,4,147.134674,-41.43875900000001
LAUNCESTON,SYDNEY,84.9,2019,5,147.134674,-41.43875900000001
LAUNCESTON,SYDNEY,82.1,2019,6,147.134674,-41.43875900000001
LAUNCESTON,SYDNEY,85.3,2019,7,147.134674,-41.43875900000001
LAUNCESTON,SYDNEY,89.0,2019,8,147.134674,-41.43875900000001
LAUNCESTON,SYDNEY,87.3,2019,9,147.134674,-41.43875900000001
LAUNCESTON,SYDNEY,90.7,2019,10,147.134674,-41.43875900000001
LAUNCESTON,SYDNEY,87.8,2019,11,147.134674,-41.43875900000001
LAUNCESTON,SYDNEY,83.7,2019,12,147.134674,-41.43875900000001
MELBOURNE,MILDURA,60.3,2019,1,144.963425,-37.813938
MELBOURNE,MILDURA,62.9,2019,2,144.963425,-37.813938
MELBOURNE,MILDURA,68.5,2019,3,144.963425,-37.813938
MELBOURNE,MILDURA,64.3,2019,4,144.963425,-37.813938
MELBOURNE,MILDURA,66.5,2019,5,144.963425,-37.813938
MELBOURNE,MILDURA,64.8,2019,6,144.963425,-37.813938
MELBOURNE,MILDURA,65.2,2019,7,144.963425,-37.813938
MELBOURNE,MILDURA,65.7,2019,8,144.963425,-37.813938
MELBOURNE,MILDURA,68.9,2019,9,144.963425,-37.813938
MELBOURNE,MILDURA,68.5,2019,10,144.963425,-37.813938
MELBOURNE,MILDURA,69.5,2019,11,144.963425,-37.813938
MELBOURNE,MILDURA,66.9,2019,12,144.963425,-37.813938
MELBOURNE,NEWCASTLE,82.8,2019,1,144.963425,-37.813938
MELBOURNE,NEWCASTLE,85.5,2019,2,144.963425,-37.813938
MELBOURNE,NEWCASTLE,86.5,2019,3,144.963425,-37.813938
MELBOURNE,NEWCASTLE,81.6,2019,4,144.963425,-37.813938
MELBOURNE,NEWCASTLE,80.5,2019,5,144.963425,-37.813938
MELBOURNE,NEWCASTLE,75.7,2019,6,144.963425,-37.813938
MELBOURNE,NEWCASTLE,81.8,2019,7,144.963425,-37.813938
MELBOURNE,NEWCASTLE,87.2,2019,8,144.963425,-37.813938
MELBOURNE,NEWCASTLE,84.3,2019,9,144.963425,-37.813938
MELBOURNE,NEWCASTLE,86.8,2019,10,144.963425,-37.813938
MELBOURNE,NEWCASTLE,88.7,2019,11,144.963425,-37.813938
MELBOURNE,NEWCASTLE,86.0,2019,12,144.963425,-37.813938
MELBOURNE,GOLD COAST,88.7,2019,1,144.963425,-37.813938
MELBOURNE,GOLD COAST,88.2,2019,2,144.963425,-37.813938
MELBOURNE,GOLD COAST,89.2,2019,3,144.963425,-37.813938
MELBOURNE,GOLD COAST,87.5,2019,4,144.963425,-37.813938
MELBOURNE,GOLD COAST,82.2,2019,5,144.963425,-37.813938
MELBOURNE,GOLD COAST,85.2,2019,6,144.963425,-37.813938
MELBOURNE,GOLD COAST,90.6,2019,7,144.963425,-37.813938
MELBOURNE,GOLD COAST,91.2,2019,8,144.963425,-37.813938
MELBOURNE,GOLD COAST,93.1,2019,9,144.963425,-37.813938
MELBOURNE,GOLD COAST,91.7,2019,10,144.963425,-37.813938
MELBOURNE,GOLD COAST,91.9,2019,11,144.963425,-37.813938
MELBOURNE,GOLD COAST,87.8,2019,12,144.963425,-37.813938
MELBOURNE,PERTH,86.5,2019,1,144.963425,-37.813938
MELBOURNE,PERTH,81.3,2019,2,144.963425,-37.813938
MELBOURNE,PERTH,83.1,2019,3,144.963425,-37.813938
MELBOURNE,PERTH,86.7,2019,4,144.963425,-37.813938
MELBOURNE,PERTH,81.2,2019,5,144.963425,-37.813938
MELBOURNE,PERTH,81.2,2019,6,144.963425,-37.813938
MELBOURNE,PERTH,86.1,2019,7,144.963425,-37.813938
MELBOURNE,PERTH,87.1,2019,8,144.963425,-37.813938
MELBOURNE,PERTH,83.0,2019,9,144.963425,-37.813938
MELBOURNE,PERTH,89.7,2019,10,144.963425,-37.813938
MELBOURNE,PERTH,87.3,2019,11,144.963425,-37.813938
MELBOURNE,PERTH,90.4,2019,12,144.963425,-37.813938
MELBOURNE,SYDNEY,85.6,2019,1,144.963425,-37.813938
MELBOURNE,SYDNEY,86.1,2019,2,144.963425,-37.813938
MELBOURNE,SYDNEY,85.6,2019,3,144.963425,-37.813938
MELBOURNE,SYDNEY,84.3,2019,4,144.963425,-37.813938
MELBOURNE,SYDNEY,82.4,2019,5,144.963425,-37.813938
MELBOURNE,SYDNEY,81.7,2019,6,144.963425,-37.813938
MELBOURNE,SYDNEY,83.5,2019,7,144.963425,-37.813938
MELBOURNE,SYDNEY,85.6,2019,8,144.963425,-37.813938
MELBOURNE,SYDNEY,84.4,2019,9,144.963425,-37.813938
MELBOURNE,SYDNEY,86.1,2019,10,144.963425,-37.813938
MELBOURNE,SYDNEY,89.5,2019,11,144.963425,-37.813938
MELBOURNE,SYDNEY,87.9,2019,12,144.963425,-37.813938
MELBOURNE,TOWNSVILLE,0.0,2019,1,144.963425,-37.813938
MELBOURNE,TOWNSVILLE,0.0,2019,2,144.963425,-37.813938
MELBOURNE,TOWNSVILLE,0.0,2019,3,144.963425,-37.813938
MELBOURNE,TOWNSVILLE,0.0,2019,4,144.963425,-37.813938
MELBOURNE,TOWNSVILLE,0.0,2019,5,144.963425,-37.813938
MELBOURNE,TOWNSVILLE,0.0,2019,6,144.963425,-37.813938
MELBOURNE,TOWNSVILLE,0.0,2019,7,144.963425,-37.813938
MELBOURNE,TOWNSVILLE,0.0,2019,8,144.963425,-37.813938
MELBOURNE,TOWNSVILLE,0.0,2019,9,144.963425,-37.813938
MELBOURNE,TOWNSVILLE,0.0,2019,10,144.963425,-37.813938
MELBOURNE,TOWNSVILLE,0.0,2019,11,144.963425,-37.813938
MELBOURNE,TOWNSVILLE,0.0,2019,12,144.963425,-37.813938
GOLD COAST,SYDNEY,91.7,2019,1,153.430878,-28.000290000000003
GOLD COAST,SYDNEY,90.5,2019,2,153.430878,-28.000290000000003
GOLD COAST,SYDNEY,87.5,2019,3,153.430878,-28.000290000000003
GOLD COAST,SYDNEY,84.0,2019,4,153.430878,-28.000290000000003
GOLD COAST,SYDNEY,81.1,2019,5,153.430878,-28.000290000000003
GOLD COAST,SYDNEY,79.9,2019,6,153.430878,-28.000290000000003
GOLD COAST,SYDNEY,86.1,2019,7,153.430878,-28.000290000000003
GOLD COAST,SYDNEY,86.0,2019,8,153.430878,-28.000290000000003
GOLD COAST,SYDNEY,86.2,2019,9,153.430878,-28.000290000000003
GOLD COAST,SYDNEY,91.8,2019,10,153.430878,-28.000290000000003
GOLD COAST,SYDNEY,91.2,2019,11,153.430878,-28.000290000000003
GOLD COAST,SYDNEY,88.1,2019,12,153.430878,-28.000290000000003
PERTH,PORT HEDLAND,62.9,2019,1,115.861397,-31.952240000000003
PERTH,PORT HEDLAND,62.7,2019,2,115.861397,-31.952240000000003
PERTH,PORT HEDLAND,61.6,2019,3,115.861397,-31.952240000000003
PERTH,PORT HEDLAND,59.5,2019,4,115.861397,-31.952240000000003
PERTH,PORT HEDLAND,59.8,2019,5,115.861397,-31.952240000000003
PERTH,PORT HEDLAND,59.3,2019,6,115.861397,-31.952240000000003
PERTH,PORT HEDLAND,66.4,2019,7,115.861397,-31.952240000000003
PERTH,PORT HEDLAND,67.0,2019,8,115.861397,-31.952240000000003
PERTH,PORT HEDLAND,64.5,2019,9,115.861397,-31.952240000000003
PERTH,PORT HEDLAND,65.0,2019,10,115.861397,-31.952240000000003
PERTH,PORT HEDLAND,66.5,2019,11,115.861397,-31.952240000000003
PERTH,PORT HEDLAND,59.9,2019,12,115.861397,-31.952240000000003
PERTH,SYDNEY,86.5,2019,1,115.861397,-31.952240000000003
PERTH,SYDNEY,82.3,2019,2,115.861397,-31.952240000000003
PERTH,SYDNEY,83.2,2019,3,115.861397,-31.952240000000003
PERTH,SYDNEY,85.9,2019,4,115.861397,-31.952240000000003
PERTH,SYDNEY,81.2,2019,5,115.861397,-31.952240000000003
PERTH,SYDNEY,79.3,2019,6,115.861397,-31.952240000000003
PERTH,SYDNEY,84.2,2019,7,115.861397,-31.952240000000003
PERTH,SYDNEY,83.1,2019,8,115.861397,-31.952240000000003
PERTH,SYDNEY,83.2,2019,9,115.861397,-31.952240000000003
PERTH,SYDNEY,89.8,2019,10,115.861397,-31.952240000000003
PERTH,SYDNEY,87.7,2019,11,115.861397,-31.952240000000003
PERTH,SYDNEY,89.7,2019,12,115.861397,-31.952240000000003
PERTH,NEWMAN,54.3,2019,1,115.861397,-31.952240000000003
PERTH,NEWMAN,62.2,2019,2,115.861397,-31.952240000000003
PERTH,NEWMAN,61.5,2019,3,115.861397,-31.952240000000003
PERTH,NEWMAN,57.9,2019,4,115.861397,-31.952240000000003
PERTH,NEWMAN,57.8,2019,5,115.861397,-31.952240000000003
PERTH,NEWMAN,58.9,2019,6,115.861397,-31.952240000000003
PERTH,NEWMAN,58.5,2019,7,115.861397,-31.952240000000003
PERTH,NEWMAN,59.3,2019,8,115.861397,-31.952240000000003
PERTH,NEWMAN,60.6,2019,9,115.861397,-31.952240000000003
PERTH,NEWMAN,60.5,2019,10,115.861397,-31.952240000000003
PERTH,NEWMAN,64.3,2019,11,115.861397,-31.952240000000003
PERTH,NEWMAN,56.8,2019,12,115.861397,-31.952240000000003
PROSERPINE,SYDNEY,85.3,2019,1,148.5802,-20.4011
PROSERPINE,SYDNEY,79.3,2019,2,148.5802,-20.4011
PROSERPINE,SYDNEY,74.9,2019,3,148.5802,-20.4011
PROSERPINE,SYDNEY,82.1,2019,4,148.5802,-20.4011
PROSERPINE,SYDNEY,71.2,2019,5,148.5802,-20.4011
PROSERPINE,SYDNEY,71.9,2019,6,148.5802,-20.4011
PROSERPINE,SYDNEY,83.2,2019,7,148.5802,-20.4011
PROSERPINE,SYDNEY,85.0,2019,8,148.5802,-20.4011
PROSERPINE,SYDNEY,84.8,2019,9,148.5802,-20.4011
PROSERPINE,SYDNEY,89.4,2019,10,148.5802,-20.4011
PROSERPINE,SYDNEY,89.9,2019,11,148.5802,-20.4011
PROSERPINE,SYDNEY,84.6,2019,12,148.5802,-20.4011
PORT MACQUARIE,SYDNEY,70.1,2019,1,152.908936,-31.430840000000003
PORT MACQUARIE,SYDNEY,70.7,2019,2,152.908936,-31.430840000000003
PORT MACQUARIE,SYDNEY,73.8,2019,3,152.908936,-31.430840000000003
PORT MACQUARIE,SYDNEY,70.8,2019,4,152.908936,-31.430840000000003
PORT MACQUARIE,SYDNEY,71.6,2019,5,152.908936,-31.430840000000003
PORT MACQUARIE,SYDNEY,72.6,2019,6,152.908936,-31.430840000000003
PORT MACQUARIE,SYDNEY,68.0,2019,7,152.908936,-31.430840000000003
PORT MACQUARIE,SYDNEY,72.2,2019,8,152.908936,-31.430840000000003
PORT MACQUARIE,SYDNEY,70.8,2019,9,152.908936,-31.430840000000003
PORT MACQUARIE,SYDNEY,75.5,2019,10,152.908936,-31.430840000000003
PORT MACQUARIE,SYDNEY,78.0,2019,11,152.908936,-31.430840000000003
PORT MACQUARIE,SYDNEY,77.1,2019,12,152.908936,-31.430840000000003
BALLINA,SYDNEY,85.7,2019,1,153.56541399999998,-28.86414000000001
BALLINA,SYDNEY,85.5,2019,2,153.56541399999998,-28.86414000000001
BALLINA,SYDNEY,86.6,2019,3,153.56541399999998,-28.86414000000001
BALLINA,SYDNEY,81.2,2019,4,153.56541399999998,-28.86414000000001
BALLINA,SYDNEY,79.8,2019,5,153.56541399999998,-28.86414000000001
BALLINA,SYDNEY,78.5,2019,6,153.56541399999998,-28.86414000000001
BALLINA,SYDNEY,81.1,2019,7,153.56541399999998,-28.86414000000001
BALLINA,SYDNEY,81.2,2019,8,153.56541399999998,-28.86414000000001
BALLINA,SYDNEY,84.3,2019,9,153.56541399999998,-28.86414000000001
BALLINA,SYDNEY,89.0,2019,10,153.56541399999998,-28.86414000000001
BALLINA,SYDNEY,88.5,2019,11,153.56541399999998,-28.86414000000001
BALLINA,SYDNEY,85.3,2019,12,153.56541399999998,-28.86414000000001
SYDNEY,TAMWORTH,57.9,2019,1,151.205475,-33.861481
SYDNEY,TAMWORTH,59.3,2019,2,151.205475,-33.861481
SYDNEY,TAMWORTH,65.1,2019,3,151.205475,-33.861481
SYDNEY,TAMWORTH,64.8,2019,4,151.205475,-33.861481
SYDNEY,TAMWORTH,65.8,2019,5,151.205475,-33.861481
SYDNEY,TAMWORTH,66.1,2019,6,151.205475,-33.861481
SYDNEY,TAMWORTH,60.9,2019,7,151.205475,-33.861481
SYDNEY,TAMWORTH,67.4,2019,8,151.205475,-33.861481
SYDNEY,TAMWORTH,71.1,2019,9,151.205475,-33.861481
SYDNEY,TAMWORTH,67.2,2019,10,151.205475,-33.861481
SYDNEY,TAMWORTH,70.4,2019,11,151.205475,-33.861481
SYDNEY,TAMWORTH,64.4,2019,12,151.205475,-33.861481
SYDNEY,TOWNSVILLE,78.4,2019,1,151.205475,-33.861481
SYDNEY,TOWNSVILLE,66.3,2019,2,151.205475,-33.861481
SYDNEY,TOWNSVILLE,78.6,2019,3,151.205475,-33.861481
SYDNEY,TOWNSVILLE,82.0,2019,4,151.205475,-33.861481
SYDNEY,TOWNSVILLE,74.1,2019,5,151.205475,-33.861481
SYDNEY,TOWNSVILLE,81.8,2019,6,151.205475,-33.861481
SYDNEY,TOWNSVILLE,86.9,2019,7,151.205475,-33.861481
SYDNEY,TOWNSVILLE,82.1,2019,8,151.205475,-33.861481
SYDNEY,TOWNSVILLE,83.2,2019,9,151.205475,-33.861481
SYDNEY,TOWNSVILLE,85.7,2019,10,151.205475,-33.861481
SYDNEY,TOWNSVILLE,80.1,2019,11,151.205475,-33.861481
SYDNEY,TOWNSVILLE,83.6,2019,12,151.205475,-33.861481
SYDNEY,WAGGA WAGGA,66.2,2019,1,151.205475,-33.861481
SYDNEY,WAGGA WAGGA,62.8,2019,2,151.205475,-33.861481
SYDNEY,WAGGA WAGGA,65.2,2019,3,151.205475,-33.861481
SYDNEY,WAGGA WAGGA,66.8,2019,4,151.205475,-33.861481
SYDNEY,WAGGA WAGGA,66.8,2019,5,151.205475,-33.861481
SYDNEY,WAGGA WAGGA,67.2,2019,6,151.205475,-33.861481
SYDNEY,WAGGA WAGGA,62.5,2019,7,151.205475,-33.861481
SYDNEY,WAGGA WAGGA,68.7,2019,8,151.205475,-33.861481
SYDNEY,WAGGA WAGGA,67.9,2019,9,151.205475,-33.861481
SYDNEY,WAGGA WAGGA,68.5,2019,10,151.205475,-33.861481
SYDNEY,WAGGA WAGGA,69.2,2019,11,151.205475,-33.861481
SYDNEY,WAGGA WAGGA,69.8,2019,12,151.205475,-33.861481
